code,description
ğŸ˜€,grinning face
ğŸ˜,beaming face with smiling eyes
ğŸ˜‚,face with tears of joy
ğŸ¤£,rolling on the floor laughing
ğŸ˜ƒ,grinning face with big eyes
ğŸ˜„,grinning face with smiling eyes
ğŸ˜…,grinning face with sweat
ğŸ˜†,grinning squinting face
ğŸ˜‰,winking face
ğŸ˜Š,smiling face with smiling eyes
ğŸ˜‹,face savoring food
ğŸ˜,smiling face with sunglasses
ğŸ˜,smiling face with heart-eyes
ğŸ˜˜,face blowing a kiss
ğŸ˜—,kissing face
ğŸ˜™,kissing face with smiling eyes
ğŸ˜š,kissing face with closed eyes
â˜º,smiling face
ğŸ™‚,slightly smiling face
ğŸ¤—,hugging face
ğŸ¤©,star-struck
ğŸ¤”,thinking face
ğŸ¤¨,face with raised eyebrow
ğŸ˜,neutral face
ğŸ˜‘,expressionless face
ğŸ˜¶,face without mouth
ğŸ™„,face with rolling eyes
ğŸ˜,smirking face
ğŸ˜£,persevering face
ğŸ˜¥,sad but relieved face
ğŸ˜®,face with open mouth
ğŸ¤,zipper-mouth face
ğŸ˜¯,hushed face
ğŸ˜ª,sleepy face
ğŸ˜«,tired face
ğŸ˜´,sleeping face
ğŸ˜Œ,relieved face
ğŸ˜›,face with tongue
ğŸ˜œ,winking face with tongue
ğŸ˜,squinting face with tongue
ğŸ¤¤,drooling face
ğŸ˜’,unamused face
ğŸ˜“,downcast face with sweat
ğŸ˜”,pensive face
ğŸ˜•,confused face
ğŸ™ƒ,upside-down face
ğŸ¤‘,money-mouth face
ğŸ˜²,astonished face
â˜¹,frowning face
ğŸ™,slightly frowning face
ğŸ˜–,confounded face
ğŸ˜,disappointed face
ğŸ˜Ÿ,worried face
ğŸ˜¤,face with steam from nose
ğŸ˜¢,crying face
ğŸ˜­,loudly crying face
ğŸ˜¦,frowning face with open mouth
ğŸ˜§,anguished face
ğŸ˜¨,fearful face
ğŸ˜©,weary face
ğŸ¤¯,exploding head
ğŸ˜¬,grimacing face
ğŸ˜°,anxious face with sweat
ğŸ˜±,face screaming in fear
ğŸ˜³,flushed face
ğŸ¤ª,crazy face
ğŸ˜µ,dizzy face
ğŸ˜¡,pouting face
ğŸ˜ ,angry face
ğŸ¤¬,face with symbols on mouth
ğŸ˜·,face with medical mask
ğŸ¤’,face with thermometer
ğŸ¤•,face with head-bandage
ğŸ¤¢,nauseated face
ğŸ¤®,face vomiting
ğŸ¤§,sneezing face
ğŸ˜‡,smiling face with halo
ğŸ¤ ,cowboy hat face
ğŸ¤¡,clown face
ğŸ¤¥,lying face
ğŸ¤«,shushing face
ğŸ¤­,face with hand over mouth
ğŸ§,face with monocle
ğŸ¤“,nerd face
ğŸ˜ˆ,smiling face with horns
ğŸ‘¿,angry face with horns
ğŸ‘¹,ogre
ğŸ‘º,goblin
ğŸ’€,skull
â˜ ,skull and crossbones
ğŸ‘»,ghost
ğŸ‘½,alien
ğŸ‘¾,alien monster
ğŸ¤–,robot face
ğŸ’©,pile of poo
ğŸ˜º,grinning cat face
ğŸ˜¸,grinning cat face with smiling eyes
ğŸ˜¹,cat face with tears of joy
ğŸ˜»,smiling cat face with heart-eyes
ğŸ˜¼,cat face with wry smile
ğŸ˜½,kissing cat face
ğŸ™€,weary cat face
ğŸ˜¿,crying cat face
ğŸ˜¾,pouting cat face
ğŸ™ˆ,see-no-evil monkey
ğŸ™‰,hear-no-evil monkey
ğŸ™Š,speak-no-evil monkey
ğŸ‘¶,baby
ğŸ‘¶ğŸ»,light skin tone baby
ğŸ‘¶ğŸ¼,medium-light skin tone baby
ğŸ‘¶ğŸ½,medium skin tone baby
ğŸ‘¶ğŸ¾,medium-dark skin tone baby
ğŸ‘¶ğŸ¿,dark skin tone baby
ğŸ§’,child
ğŸ§’ğŸ»,light skin tone child
ğŸ§’ğŸ¼,medium-light skin tone child
ğŸ§’ğŸ½,medium skin tone child
ğŸ§’ğŸ¾,medium-dark skin tone child
ğŸ§’ğŸ¿,dark skin tone child
ğŸ‘¦,boy
ğŸ‘¦ğŸ»,light skin tone boy
ğŸ‘¦ğŸ¼,medium-light skin tone boy
ğŸ‘¦ğŸ½,medium skin tone boy
ğŸ‘¦ğŸ¾,medium-dark skin tone boy
ğŸ‘¦ğŸ¿,dark skin tone boy
ğŸ‘§,girl
ğŸ‘§ğŸ»,light skin tone girl
ğŸ‘§ğŸ¼,medium-light skin tone girl
ğŸ‘§ğŸ½,medium skin tone girl
ğŸ‘§ğŸ¾,medium-dark skin tone girl
ğŸ‘§ğŸ¿,dark skin tone girl
ğŸ§‘,adult
ğŸ§‘ğŸ»,light skin tone adult
ğŸ§‘ğŸ¼,medium-light skin tone adult
ğŸ§‘ğŸ½,medium skin tone adult
ğŸ§‘ğŸ¾,medium-dark skin tone adult
ğŸ§‘ğŸ¿,dark skin tone adult
ğŸ‘¨,man
ğŸ‘¨ğŸ»,light skin tone man
ğŸ‘¨ğŸ¼,medium-light skin tone man
ğŸ‘¨ğŸ½,medium skin tone man
ğŸ‘¨ğŸ¾,medium-dark skin tone man
ğŸ‘¨ğŸ¿,dark skin tone man
ğŸ‘©,woman
ğŸ‘©ğŸ»,light skin tone woman
ğŸ‘©ğŸ¼,medium-light skin tone woman
ğŸ‘©ğŸ½,medium skin tone woman
ğŸ‘©ğŸ¾,medium-dark skin tone woman
ğŸ‘©ğŸ¿,dark skin tone woman
ğŸ§“,older adult
ğŸ§“ğŸ»,light skin tone older adult
ğŸ§“ğŸ¼,medium-light skin tone older adult
ğŸ§“ğŸ½,medium skin tone older adult
ğŸ§“ğŸ¾,medium-dark skin tone older adult
ğŸ§“ğŸ¿,dark skin tone older adult
ğŸ‘´,old man
ğŸ‘´ğŸ»,light skin tone old man
ğŸ‘´ğŸ¼,medium-light skin tone old man
ğŸ‘´ğŸ½,medium skin tone old man
ğŸ‘´ğŸ¾,medium-dark skin tone old man
ğŸ‘´ğŸ¿,dark skin tone old man
ğŸ‘µ,old woman
ğŸ‘µğŸ»,light skin tone old woman
ğŸ‘µğŸ¼,medium-light skin tone old woman
ğŸ‘µğŸ½,medium skin tone old woman
ğŸ‘µğŸ¾,medium-dark skin tone old woman
ğŸ‘µğŸ¿,dark skin tone old woman
ğŸ‘¨â€âš•ï¸,man health worker
ğŸ‘¨ğŸ»â€âš•ï¸,light skin tone man health worker
ğŸ‘¨ğŸ¼â€âš•ï¸,medium-light skin tone man health worker
ğŸ‘¨ğŸ½â€âš•ï¸,medium skin tone man health worker
ğŸ‘¨ğŸ¾â€âš•ï¸,medium-dark skin tone man health worker
ğŸ‘¨ğŸ¿â€âš•ï¸,dark skin tone man health worker
ğŸ‘©â€âš•ï¸,woman health worker
ğŸ‘©ğŸ»â€âš•ï¸,light skin tone woman health worker
ğŸ‘©ğŸ¼â€âš•ï¸,medium-light skin tone woman health worker
ğŸ‘©ğŸ½â€âš•ï¸,medium skin tone woman health worker
ğŸ‘©ğŸ¾â€âš•ï¸,medium-dark skin tone woman health worker
ğŸ‘©ğŸ¿â€âš•ï¸,dark skin tone woman health worker
ğŸ‘¨â€ğŸ“,man student
ğŸ‘¨ğŸ»â€ğŸ“,light skin tone man student
ğŸ‘¨ğŸ¼â€ğŸ“,medium-light skin tone man student
ğŸ‘¨ğŸ½â€ğŸ“,medium skin tone man student
ğŸ‘¨ğŸ¾â€ğŸ“,medium-dark skin tone man student
ğŸ‘¨ğŸ¿â€ğŸ“,dark skin tone man student
ğŸ‘©â€ğŸ“,woman student
ğŸ‘©ğŸ»â€ğŸ“,light skin tone woman student
ğŸ‘©ğŸ¼â€ğŸ“,medium-light skin tone woman student
ğŸ‘©ğŸ½â€ğŸ“,medium skin tone woman student
ğŸ‘©ğŸ¾â€ğŸ“,medium-dark skin tone woman student
ğŸ‘©ğŸ¿â€ğŸ“,dark skin tone woman student
ğŸ‘¨â€ğŸ«,man teacher
ğŸ‘¨ğŸ»â€ğŸ«,light skin tone man teacher
ğŸ‘¨ğŸ¼â€ğŸ«,medium-light skin tone man teacher
ğŸ‘¨ğŸ½â€ğŸ«,medium skin tone man teacher
ğŸ‘¨ğŸ¾â€ğŸ«,medium-dark skin tone man teacher
ğŸ‘¨ğŸ¿â€ğŸ«,dark skin tone man teacher
ğŸ‘©â€ğŸ«,woman teacher
ğŸ‘©ğŸ»â€ğŸ«,light skin tone woman teacher
ğŸ‘©ğŸ¼â€ğŸ«,medium-light skin tone woman teacher
ğŸ‘©ğŸ½â€ğŸ«,medium skin tone woman teacher
ğŸ‘©ğŸ¾â€ğŸ«,medium-dark skin tone woman teacher
ğŸ‘©ğŸ¿â€ğŸ«,dark skin tone woman teacher
ğŸ‘¨â€âš–ï¸,man judge
ğŸ‘¨ğŸ»â€âš–ï¸,light skin tone man judge
ğŸ‘¨ğŸ¼â€âš–ï¸,medium-light skin tone man judge
ğŸ‘¨ğŸ½â€âš–ï¸,medium skin tone man judge
ğŸ‘¨ğŸ¾â€âš–ï¸,medium-dark skin tone man judge
ğŸ‘¨ğŸ¿â€âš–ï¸,dark skin tone man judge
ğŸ‘©â€âš–ï¸,woman judge
ğŸ‘©ğŸ»â€âš–ï¸,light skin tone woman judge
ğŸ‘©ğŸ¼â€âš–ï¸,medium-light skin tone woman judge
ğŸ‘©ğŸ½â€âš–ï¸,medium skin tone woman judge
ğŸ‘©ğŸ¾â€âš–ï¸,medium-dark skin tone woman judge
ğŸ‘©ğŸ¿â€âš–ï¸,dark skin tone woman judge
ğŸ‘¨â€ğŸŒ¾,man farmer
ğŸ‘¨ğŸ»â€ğŸŒ¾,light skin tone man farmer
ğŸ‘¨ğŸ¼â€ğŸŒ¾,medium-light skin tone man farmer
ğŸ‘¨ğŸ½â€ğŸŒ¾,medium skin tone man farmer
ğŸ‘¨ğŸ¾â€ğŸŒ¾,medium-dark skin tone man farmer
ğŸ‘¨ğŸ¿â€ğŸŒ¾,dark skin tone man farmer
ğŸ‘©â€ğŸŒ¾,woman farmer
ğŸ‘©ğŸ»â€ğŸŒ¾,light skin tone woman farmer
ğŸ‘©ğŸ¼â€ğŸŒ¾,medium-light skin tone woman farmer
ğŸ‘©ğŸ½â€ğŸŒ¾,medium skin tone woman farmer
ğŸ‘©ğŸ¾â€ğŸŒ¾,medium-dark skin tone woman farmer
ğŸ‘©ğŸ¿â€ğŸŒ¾,dark skin tone woman farmer
ğŸ‘¨â€ğŸ³,man cook
ğŸ‘¨ğŸ»â€ğŸ³,light skin tone man cook
ğŸ‘¨ğŸ¼â€ğŸ³,medium-light skin tone man cook
ğŸ‘¨ğŸ½â€ğŸ³,medium skin tone man cook
ğŸ‘¨ğŸ¾â€ğŸ³,medium-dark skin tone man cook
ğŸ‘¨ğŸ¿â€ğŸ³,dark skin tone man cook
ğŸ‘©â€ğŸ³,woman cook
ğŸ‘©ğŸ»â€ğŸ³,light skin tone woman cook
ğŸ‘©ğŸ¼â€ğŸ³,medium-light skin tone woman cook
ğŸ‘©ğŸ½â€ğŸ³,medium skin tone woman cook
ğŸ‘©ğŸ¾â€ğŸ³,medium-dark skin tone woman cook
ğŸ‘©ğŸ¿â€ğŸ³,dark skin tone woman cook
ğŸ‘¨â€ğŸ”§,man mechanic
ğŸ‘¨ğŸ»â€ğŸ”§,light skin tone man mechanic
ğŸ‘¨ğŸ¼â€ğŸ”§,medium-light skin tone man mechanic
ğŸ‘¨ğŸ½â€ğŸ”§,medium skin tone man mechanic
ğŸ‘¨ğŸ¾â€ğŸ”§,medium-dark skin tone man mechanic
ğŸ‘¨ğŸ¿â€ğŸ”§,dark skin tone man mechanic
ğŸ‘©â€ğŸ”§,woman mechanic
ğŸ‘©ğŸ»â€ğŸ”§,light skin tone woman mechanic
ğŸ‘©ğŸ¼â€ğŸ”§,medium-light skin tone woman mechanic
ğŸ‘©ğŸ½â€ğŸ”§,medium skin tone woman mechanic
ğŸ‘©ğŸ¾â€ğŸ”§,medium-dark skin tone woman mechanic
ğŸ‘©ğŸ¿â€ğŸ”§,dark skin tone woman mechanic
ğŸ‘¨â€ğŸ­,man factory worker
ğŸ‘¨ğŸ»â€ğŸ­,light skin tone man factory worker
ğŸ‘¨ğŸ¼â€ğŸ­,medium-light skin tone man factory worker
ğŸ‘¨ğŸ½â€ğŸ­,medium skin tone man factory worker
ğŸ‘¨ğŸ¾â€ğŸ­,medium-dark skin tone man factory worker
ğŸ‘¨ğŸ¿â€ğŸ­,dark skin tone man factory worker
ğŸ‘©â€ğŸ­,woman factory worker
ğŸ‘©ğŸ»â€ğŸ­,light skin tone woman factory worker
ğŸ‘©ğŸ¼â€ğŸ­,medium-light skin tone woman factory worker
ğŸ‘©ğŸ½â€ğŸ­,medium skin tone woman factory worker
ğŸ‘©ğŸ¾â€ğŸ­,medium-dark skin tone woman factory worker
ğŸ‘©ğŸ¿â€ğŸ­,dark skin tone woman factory worker
ğŸ‘¨â€ğŸ’¼,man office worker
ğŸ‘¨ğŸ»â€ğŸ’¼,light skin tone man office worker
ğŸ‘¨ğŸ¼â€ğŸ’¼,medium-light skin tone man office worker
ğŸ‘¨ğŸ½â€ğŸ’¼,medium skin tone man office worker
ğŸ‘¨ğŸ¾â€ğŸ’¼,medium-dark skin tone man office worker
ğŸ‘¨ğŸ¿â€ğŸ’¼,dark skin tone man office worker
ğŸ‘©â€ğŸ’¼,woman office worker
ğŸ‘©ğŸ»â€ğŸ’¼,light skin tone woman office worker
ğŸ‘©ğŸ¼â€ğŸ’¼,medium-light skin tone woman office worker
ğŸ‘©ğŸ½â€ğŸ’¼,medium skin tone woman office worker
ğŸ‘©ğŸ¾â€ğŸ’¼,medium-dark skin tone woman office worker
ğŸ‘©ğŸ¿â€ğŸ’¼,dark skin tone woman office worker
ğŸ‘¨â€ğŸ”¬,man scientist
ğŸ‘¨ğŸ»â€ğŸ”¬,light skin tone man scientist
ğŸ‘¨ğŸ¼â€ğŸ”¬,medium-light skin tone man scientist
ğŸ‘¨ğŸ½â€ğŸ”¬,medium skin tone man scientist
ğŸ‘¨ğŸ¾â€ğŸ”¬,medium-dark skin tone man scientist
ğŸ‘¨ğŸ¿â€ğŸ”¬,dark skin tone man scientist
ğŸ‘©â€ğŸ”¬,woman scientist
ğŸ‘©ğŸ»â€ğŸ”¬,light skin tone woman scientist
ğŸ‘©ğŸ¼â€ğŸ”¬,medium-light skin tone woman scientist
ğŸ‘©ğŸ½â€ğŸ”¬,medium skin tone woman scientist
ğŸ‘©ğŸ¾â€ğŸ”¬,medium-dark skin tone woman scientist
ğŸ‘©ğŸ¿â€ğŸ”¬,dark skin tone woman scientist
ğŸ‘¨â€ğŸ’»,man technologist
ğŸ‘¨ğŸ»â€ğŸ’»,light skin tone man technologist
ğŸ‘¨ğŸ¼â€ğŸ’»,medium-light skin tone man technologist
ğŸ‘¨ğŸ½â€ğŸ’»,medium skin tone man technologist
ğŸ‘¨ğŸ¾â€ğŸ’»,medium-dark skin tone man technologist
ğŸ‘¨ğŸ¿â€ğŸ’»,dark skin tone man technologist
ğŸ‘©â€ğŸ’»,woman technologist
ğŸ‘©ğŸ»â€ğŸ’»,light skin tone woman technologist
ğŸ‘©ğŸ¼â€ğŸ’»,medium-light skin tone woman technologist
ğŸ‘©ğŸ½â€ğŸ’»,medium skin tone woman technologist
ğŸ‘©ğŸ¾â€ğŸ’»,medium-dark skin tone woman technologist
ğŸ‘©ğŸ¿â€ğŸ’»,dark skin tone woman technologist
ğŸ‘¨â€ğŸ¤,man singer
ğŸ‘¨ğŸ»â€ğŸ¤,light skin tone man singer
ğŸ‘¨ğŸ¼â€ğŸ¤,medium-light skin tone man singer
ğŸ‘¨ğŸ½â€ğŸ¤,medium skin tone man singer
ğŸ‘¨ğŸ¾â€ğŸ¤,medium-dark skin tone man singer
ğŸ‘¨ğŸ¿â€ğŸ¤,dark skin tone man singer
ğŸ‘©â€ğŸ¤,woman singer
ğŸ‘©ğŸ»â€ğŸ¤,light skin tone woman singer
ğŸ‘©ğŸ¼â€ğŸ¤,medium-light skin tone woman singer
ğŸ‘©ğŸ½â€ğŸ¤,medium skin tone woman singer
ğŸ‘©ğŸ¾â€ğŸ¤,medium-dark skin tone woman singer
ğŸ‘©ğŸ¿â€ğŸ¤,dark skin tone woman singer
ğŸ‘¨â€ğŸ¨,man artist
ğŸ‘¨ğŸ»â€ğŸ¨,light skin tone man artist
ğŸ‘¨ğŸ¼â€ğŸ¨,medium-light skin tone man artist
ğŸ‘¨ğŸ½â€ğŸ¨,medium skin tone man artist
ğŸ‘¨ğŸ¾â€ğŸ¨,medium-dark skin tone man artist
ğŸ‘¨ğŸ¿â€ğŸ¨,dark skin tone man artist
ğŸ‘©â€ğŸ¨,woman artist
ğŸ‘©ğŸ»â€ğŸ¨,light skin tone woman artist
ğŸ‘©ğŸ¼â€ğŸ¨,medium-light skin tone woman artist
ğŸ‘©ğŸ½â€ğŸ¨,medium skin tone woman artist
ğŸ‘©ğŸ¾â€ğŸ¨,medium-dark skin tone woman artist
ğŸ‘©ğŸ¿â€ğŸ¨,dark skin tone woman artist
ğŸ‘¨â€âœˆï¸,man pilot
ğŸ‘¨ğŸ»â€âœˆï¸,light skin tone man pilot
ğŸ‘¨ğŸ¼â€âœˆï¸,medium-light skin tone man pilot
ğŸ‘¨ğŸ½â€âœˆï¸,medium skin tone man pilot
ğŸ‘¨ğŸ¾â€âœˆï¸,medium-dark skin tone man pilot
ğŸ‘¨ğŸ¿â€âœˆï¸,dark skin tone man pilot
ğŸ‘©â€âœˆï¸,woman pilot
ğŸ‘©ğŸ»â€âœˆï¸,light skin tone woman pilot
ğŸ‘©ğŸ¼â€âœˆï¸,medium-light skin tone woman pilot
ğŸ‘©ğŸ½â€âœˆï¸,medium skin tone woman pilot
ğŸ‘©ğŸ¾â€âœˆï¸,medium-dark skin tone woman pilot
ğŸ‘©ğŸ¿â€âœˆï¸,dark skin tone woman pilot
ğŸ‘¨â€ğŸš€,man astronaut
ğŸ‘¨ğŸ»â€ğŸš€,light skin tone man astronaut
ğŸ‘¨ğŸ¼â€ğŸš€,medium-light skin tone man astronaut
ğŸ‘¨ğŸ½â€ğŸš€,medium skin tone man astronaut
ğŸ‘¨ğŸ¾â€ğŸš€,medium-dark skin tone man astronaut
ğŸ‘¨ğŸ¿â€ğŸš€,dark skin tone man astronaut
ğŸ‘©â€ğŸš€,woman astronaut
ğŸ‘©ğŸ»â€ğŸš€,light skin tone woman astronaut
ğŸ‘©ğŸ¼â€ğŸš€,medium-light skin tone woman astronaut
ğŸ‘©ğŸ½â€ğŸš€,medium skin tone woman astronaut
ğŸ‘©ğŸ¾â€ğŸš€,medium-dark skin tone woman astronaut
ğŸ‘©ğŸ¿â€ğŸš€,dark skin tone woman astronaut
ğŸ‘¨â€ğŸš’,man firefighter
ğŸ‘¨ğŸ»â€ğŸš’,light skin tone man firefighter
ğŸ‘¨ğŸ¼â€ğŸš’,medium-light skin tone man firefighter
ğŸ‘¨ğŸ½â€ğŸš’,medium skin tone man firefighter
ğŸ‘¨ğŸ¾â€ğŸš’,medium-dark skin tone man firefighter
ğŸ‘¨ğŸ¿â€ğŸš’,dark skin tone man firefighter
ğŸ‘©â€ğŸš’,woman firefighter
ğŸ‘©ğŸ»â€ğŸš’,light skin tone woman firefighter
ğŸ‘©ğŸ¼â€ğŸš’,medium-light skin tone woman firefighter
ğŸ‘©ğŸ½â€ğŸš’,medium skin tone woman firefighter
ğŸ‘©ğŸ¾â€ğŸš’,medium-dark skin tone woman firefighter
ğŸ‘©ğŸ¿â€ğŸš’,dark skin tone woman firefighter
ğŸ‘®,police officer
ğŸ‘®ğŸ»,light skin tone police officer
ğŸ‘®ğŸ¼,medium-light skin tone police officer
ğŸ‘®ğŸ½,medium skin tone police officer
ğŸ‘®ğŸ¾,medium-dark skin tone police officer
ğŸ‘®ğŸ¿,dark skin tone police officer
ğŸ‘®â€â™‚ï¸,man police officer
ğŸ‘®ğŸ»â€â™‚ï¸,light skin tone man police officer
ğŸ‘®ğŸ¼â€â™‚ï¸,medium-light skin tone man police officer
ğŸ‘®ğŸ½â€â™‚ï¸,medium skin tone man police officer
ğŸ‘®ğŸ¾â€â™‚ï¸,medium-dark skin tone man police officer
ğŸ‘®ğŸ¿â€â™‚ï¸,dark skin tone man police officer
ğŸ‘®â€â™€ï¸,woman police officer
ğŸ‘®ğŸ»â€â™€ï¸,light skin tone woman police officer
ğŸ‘®ğŸ¼â€â™€ï¸,medium-light skin tone woman police officer
ğŸ‘®ğŸ½â€â™€ï¸,medium skin tone woman police officer
ğŸ‘®ğŸ¾â€â™€ï¸,medium-dark skin tone woman police officer
ğŸ‘®ğŸ¿â€â™€ï¸,dark skin tone woman police officer
ğŸ•µ,detective
ğŸ•µğŸ»,light skin tone detective
ğŸ•µğŸ¼,medium-light skin tone detective
ğŸ•µğŸ½,medium skin tone detective
ğŸ•µğŸ¾,medium-dark skin tone detective
ğŸ•µğŸ¿,dark skin tone detective
ğŸ•µï¸â€â™‚ï¸,man detective
ğŸ•µğŸ»â€â™‚ï¸,light skin tone man detective
ğŸ•µğŸ¼â€â™‚ï¸,medium-light skin tone man detective
ğŸ•µğŸ½â€â™‚ï¸,medium skin tone man detective
ğŸ•µğŸ¾â€â™‚ï¸,medium-dark skin tone man detective
ğŸ•µğŸ¿â€â™‚ï¸,dark skin tone man detective
ğŸ•µï¸â€â™€ï¸,woman detective
ğŸ•µğŸ»â€â™€ï¸,light skin tone woman detective
ğŸ•µğŸ¼â€â™€ï¸,medium-light skin tone woman detective
ğŸ•µğŸ½â€â™€ï¸,medium skin tone woman detective
ğŸ•µğŸ¾â€â™€ï¸,medium-dark skin tone woman detective
ğŸ•µğŸ¿â€â™€ï¸,dark skin tone woman detective
ğŸ’‚,guard
ğŸ’‚ğŸ»,light skin tone guard
ğŸ’‚ğŸ¼,medium-light skin tone guard
ğŸ’‚ğŸ½,medium skin tone guard
ğŸ’‚ğŸ¾,medium-dark skin tone guard
ğŸ’‚ğŸ¿,dark skin tone guard
ğŸ’‚â€â™‚ï¸,man guard
ğŸ’‚ğŸ»â€â™‚ï¸,light skin tone man guard
ğŸ’‚ğŸ¼â€â™‚ï¸,medium-light skin tone man guard
ğŸ’‚ğŸ½â€â™‚ï¸,medium skin tone man guard
ğŸ’‚ğŸ¾â€â™‚ï¸,medium-dark skin tone man guard
ğŸ’‚ğŸ¿â€â™‚ï¸,dark skin tone man guard
ğŸ’‚â€â™€ï¸,woman guard
ğŸ’‚ğŸ»â€â™€ï¸,light skin tone woman guard
ğŸ’‚ğŸ¼â€â™€ï¸,medium-light skin tone woman guard
ğŸ’‚ğŸ½â€â™€ï¸,medium skin tone woman guard
ğŸ’‚ğŸ¾â€â™€ï¸,medium-dark skin tone woman guard
ğŸ’‚ğŸ¿â€â™€ï¸,dark skin tone woman guard
ğŸ‘·,construction worker
ğŸ‘·ğŸ»,light skin tone construction worker
ğŸ‘·ğŸ¼,medium-light skin tone construction worker
ğŸ‘·ğŸ½,medium skin tone construction worker
ğŸ‘·ğŸ¾,medium-dark skin tone construction worker
ğŸ‘·ğŸ¿,dark skin tone construction worker
ğŸ‘·â€â™‚ï¸,man construction worker
ğŸ‘·ğŸ»â€â™‚ï¸,light skin tone man construction worker
ğŸ‘·ğŸ¼â€â™‚ï¸,medium-light skin tone man construction worker
ğŸ‘·ğŸ½â€â™‚ï¸,medium skin tone man construction worker
ğŸ‘·ğŸ¾â€â™‚ï¸,medium-dark skin tone man construction worker
ğŸ‘·ğŸ¿â€â™‚ï¸,dark skin tone man construction worker
ğŸ‘·â€â™€ï¸,woman construction worker
ğŸ‘·ğŸ»â€â™€ï¸,light skin tone woman construction worker
ğŸ‘·ğŸ¼â€â™€ï¸,medium-light skin tone woman construction worker
ğŸ‘·ğŸ½â€â™€ï¸,medium skin tone woman construction worker
ğŸ‘·ğŸ¾â€â™€ï¸,medium-dark skin tone woman construction worker
ğŸ‘·ğŸ¿â€â™€ï¸,dark skin tone woman construction worker
ğŸ¤´,prince
ğŸ¤´ğŸ»,light skin tone prince
ğŸ¤´ğŸ¼,medium-light skin tone prince
ğŸ¤´ğŸ½,medium skin tone prince
ğŸ¤´ğŸ¾,medium-dark skin tone prince
ğŸ¤´ğŸ¿,dark skin tone prince
ğŸ‘¸,princess
ğŸ‘¸ğŸ»,light skin tone princess
ğŸ‘¸ğŸ¼,medium-light skin tone princess
ğŸ‘¸ğŸ½,medium skin tone princess
ğŸ‘¸ğŸ¾,medium-dark skin tone princess
ğŸ‘¸ğŸ¿,dark skin tone princess
ğŸ‘³,person wearing turban
ğŸ‘³ğŸ»,light skin tone person wearing turban
ğŸ‘³ğŸ¼,medium-light skin tone person wearing turban
ğŸ‘³ğŸ½,medium skin tone person wearing turban
ğŸ‘³ğŸ¾,medium-dark skin tone person wearing turban
ğŸ‘³ğŸ¿,dark skin tone person wearing turban
ğŸ‘³â€â™‚ï¸,man wearing turban
ğŸ‘³ğŸ»â€â™‚ï¸,light skin tone man wearing turban
ğŸ‘³ğŸ¼â€â™‚ï¸,medium-light skin tone man wearing turban
ğŸ‘³ğŸ½â€â™‚ï¸,medium skin tone man wearing turban
ğŸ‘³ğŸ¾â€â™‚ï¸,medium-dark skin tone man wearing turban
ğŸ‘³ğŸ¿â€â™‚ï¸,dark skin tone man wearing turban
ğŸ‘³â€â™€ï¸,woman wearing turban
ğŸ‘³ğŸ»â€â™€ï¸,light skin tone woman wearing turban
ğŸ‘³ğŸ¼â€â™€ï¸,medium-light skin tone woman wearing turban
ğŸ‘³ğŸ½â€â™€ï¸,medium skin tone woman wearing turban
ğŸ‘³ğŸ¾â€â™€ï¸,medium-dark skin tone woman wearing turban
ğŸ‘³ğŸ¿â€â™€ï¸,dark skin tone woman wearing turban
ğŸ‘²,man with Chinese cap
ğŸ‘²ğŸ»,light skin tone man with Chinese cap
ğŸ‘²ğŸ¼,medium-light skin tone man with Chinese cap
ğŸ‘²ğŸ½,medium skin tone man with Chinese cap
ğŸ‘²ğŸ¾,medium-dark skin tone man with Chinese cap
ğŸ‘²ğŸ¿,dark skin tone man with Chinese cap
ğŸ§•,woman with headscarf
ğŸ§•ğŸ»,light skin tone woman with headscarf
ğŸ§•ğŸ¼,medium-light skin tone woman with headscarf
ğŸ§•ğŸ½,medium skin tone woman with headscarf
ğŸ§•ğŸ¾,medium-dark skin tone woman with headscarf
ğŸ§•ğŸ¿,dark skin tone woman with headscarf
ğŸ§”,bearded person
ğŸ§”ğŸ»,light skin tone bearded person
ğŸ§”ğŸ¼,medium-light skin tone bearded person
ğŸ§”ğŸ½,medium skin tone bearded person
ğŸ§”ğŸ¾,medium-dark skin tone bearded person
ğŸ§”ğŸ¿,dark skin tone bearded person
ğŸ‘±,blond-haired person
ğŸ‘±ğŸ»,light skin tone blond-haired person
ğŸ‘±ğŸ¼,medium-light skin tone blond-haired person
ğŸ‘±ğŸ½,medium skin tone blond-haired person
ğŸ‘±ğŸ¾,medium-dark skin tone blond-haired person
ğŸ‘±ğŸ¿,dark skin tone blond-haired person
ğŸ‘±â€â™‚ï¸,blond-haired man
ğŸ‘±ğŸ»â€â™‚ï¸,light skin tone blond-haired man
ğŸ‘±ğŸ¼â€â™‚ï¸,medium-light skin tone blond-haired man
ğŸ‘±ğŸ½â€â™‚ï¸,medium skin tone blond-haired man
ğŸ‘±ğŸ¾â€â™‚ï¸,medium-dark skin tone blond-haired man
ğŸ‘±ğŸ¿â€â™‚ï¸,dark skin tone blond-haired man
ğŸ‘±â€â™€ï¸,blond-haired woman
ğŸ‘±ğŸ»â€â™€ï¸,light skin tone blond-haired woman
ğŸ‘±ğŸ¼â€â™€ï¸,medium-light skin tone blond-haired woman
ğŸ‘±ğŸ½â€â™€ï¸,medium skin tone blond-haired woman
ğŸ‘±ğŸ¾â€â™€ï¸,medium-dark skin tone blond-haired woman
ğŸ‘±ğŸ¿â€â™€ï¸,dark skin tone blond-haired woman
ğŸ¤µ,man in tuxedo
ğŸ¤µğŸ»,light skin tone man in tuxedo
ğŸ¤µğŸ¼,medium-light skin tone man in tuxedo
ğŸ¤µğŸ½,medium skin tone man in tuxedo
ğŸ¤µğŸ¾,medium-dark skin tone man in tuxedo
ğŸ¤µğŸ¿,dark skin tone man in tuxedo
ğŸ‘°,bride with veil
ğŸ‘°ğŸ»,light skin tone bride with veil
ğŸ‘°ğŸ¼,medium-light skin tone bride with veil
ğŸ‘°ğŸ½,medium skin tone bride with veil
ğŸ‘°ğŸ¾,medium-dark skin tone bride with veil
ğŸ‘°ğŸ¿,dark skin tone bride with veil
ğŸ¤°,pregnant woman
ğŸ¤°ğŸ»,light skin tone pregnant woman
ğŸ¤°ğŸ¼,medium-light skin tone pregnant woman
ğŸ¤°ğŸ½,medium skin tone pregnant woman
ğŸ¤°ğŸ¾,medium-dark skin tone pregnant woman
ğŸ¤°ğŸ¿,dark skin tone pregnant woman
ğŸ¤±,breast-feeding
ğŸ¤±ğŸ»,light skin tone breast-feeding
ğŸ¤±ğŸ¼,medium-light skin tone breast-feeding
ğŸ¤±ğŸ½,medium skin tone breast-feeding
ğŸ¤±ğŸ¾,medium-dark skin tone breast-feeding
ğŸ¤±ğŸ¿,dark skin tone breast-feeding
ğŸ‘¼,baby angel
ğŸ‘¼ğŸ»,light skin tone baby angel
ğŸ‘¼ğŸ¼,medium-light skin tone baby angel
ğŸ‘¼ğŸ½,medium skin tone baby angel
ğŸ‘¼ğŸ¾,medium-dark skin tone baby angel
ğŸ‘¼ğŸ¿,dark skin tone baby angel
ğŸ…,Santa Claus
ğŸ…ğŸ»,light skin tone Santa Claus
ğŸ…ğŸ¼,medium-light skin tone Santa Claus
ğŸ…ğŸ½,medium skin tone Santa Claus
ğŸ…ğŸ¾,medium-dark skin tone Santa Claus
ğŸ…ğŸ¿,dark skin tone Santa Claus
ğŸ¤¶,Mrs. Claus
ğŸ¤¶ğŸ»,light skin tone Mrs. Claus
ğŸ¤¶ğŸ¼,medium-light skin tone Mrs. Claus
ğŸ¤¶ğŸ½,medium skin tone Mrs. Claus
ğŸ¤¶ğŸ¾,medium-dark skin tone Mrs. Claus
ğŸ¤¶ğŸ¿,dark skin tone Mrs. Claus
ğŸ§™,mage
ğŸ§™ğŸ»,light skin tone mage
ğŸ§™ğŸ¼,medium-light skin tone mage
ğŸ§™ğŸ½,medium skin tone mage
ğŸ§™ğŸ¾,medium-dark skin tone mage
ğŸ§™ğŸ¿,dark skin tone mage
ğŸ§™â€â™€ï¸,woman mage
ğŸ§™ğŸ»â€â™€ï¸,light skin tone woman mage
ğŸ§™ğŸ¼â€â™€ï¸,medium-light skin tone woman mage
ğŸ§™ğŸ½â€â™€ï¸,medium skin tone woman mage
ğŸ§™ğŸ¾â€â™€ï¸,medium-dark skin tone woman mage
ğŸ§™ğŸ¿â€â™€ï¸,dark skin tone woman mage
ğŸ§™â€â™‚ï¸,man mage
ğŸ§™ğŸ»â€â™‚ï¸,light skin tone man mage
ğŸ§™ğŸ¼â€â™‚ï¸,medium-light skin tone man mage
ğŸ§™ğŸ½â€â™‚ï¸,medium skin tone man mage
ğŸ§™ğŸ¾â€â™‚ï¸,medium-dark skin tone man mage
ğŸ§™ğŸ¿â€â™‚ï¸,dark skin tone man mage
ğŸ§š,fairy
ğŸ§šğŸ»,light skin tone fairy
ğŸ§šğŸ¼,medium-light skin tone fairy
ğŸ§šğŸ½,medium skin tone fairy
ğŸ§šğŸ¾,medium-dark skin tone fairy
ğŸ§šğŸ¿,dark skin tone fairy
ğŸ§šâ€â™€ï¸,woman fairy
ğŸ§šğŸ»â€â™€ï¸,light skin tone woman fairy
ğŸ§šğŸ¼â€â™€ï¸,medium-light skin tone woman fairy
ğŸ§šğŸ½â€â™€ï¸,medium skin tone woman fairy
ğŸ§šğŸ¾â€â™€ï¸,medium-dark skin tone woman fairy
ğŸ§šğŸ¿â€â™€ï¸,dark skin tone woman fairy
ğŸ§šâ€â™‚ï¸,man fairy
ğŸ§šğŸ»â€â™‚ï¸,light skin tone man fairy
ğŸ§šğŸ¼â€â™‚ï¸,medium-light skin tone man fairy
ğŸ§šğŸ½â€â™‚ï¸,medium skin tone man fairy
ğŸ§šğŸ¾â€â™‚ï¸,medium-dark skin tone man fairy
ğŸ§šğŸ¿â€â™‚ï¸,dark skin tone man fairy
ğŸ§›,vampire
ğŸ§›ğŸ»,light skin tone vampire
ğŸ§›ğŸ¼,medium-light skin tone vampire
ğŸ§›ğŸ½,medium skin tone vampire
ğŸ§›ğŸ¾,medium-dark skin tone vampire
ğŸ§›ğŸ¿,dark skin tone vampire
ğŸ§›â€â™€ï¸,woman vampire
ğŸ§›ğŸ»â€â™€ï¸,light skin tone woman vampire
ğŸ§›ğŸ¼â€â™€ï¸,medium-light skin tone woman vampire
ğŸ§›ğŸ½â€â™€ï¸,medium skin tone woman vampire
ğŸ§›ğŸ¾â€â™€ï¸,medium-dark skin tone woman vampire
ğŸ§›ğŸ¿â€â™€ï¸,dark skin tone woman vampire
ğŸ§›â€â™‚ï¸,man vampire
ğŸ§›ğŸ»â€â™‚ï¸,light skin tone man vampire
ğŸ§›ğŸ¼â€â™‚ï¸,medium-light skin tone man vampire
ğŸ§›ğŸ½â€â™‚ï¸,medium skin tone man vampire
ğŸ§›ğŸ¾â€â™‚ï¸,medium-dark skin tone man vampire
ğŸ§›ğŸ¿â€â™‚ï¸,dark skin tone man vampire
ğŸ§œ,merperson
ğŸ§œğŸ»,light skin tone merperson
ğŸ§œğŸ¼,medium-light skin tone merperson
ğŸ§œğŸ½,medium skin tone merperson
ğŸ§œğŸ¾,medium-dark skin tone merperson
ğŸ§œğŸ¿,dark skin tone merperson
ğŸ§œâ€â™€ï¸,mermaid
ğŸ§œğŸ»â€â™€ï¸,light skin tone mermaid
ğŸ§œğŸ¼â€â™€ï¸,medium-light skin tone mermaid
ğŸ§œğŸ½â€â™€ï¸,medium skin tone mermaid
ğŸ§œğŸ¾â€â™€ï¸,medium-dark skin tone mermaid
ğŸ§œğŸ¿â€â™€ï¸,dark skin tone mermaid
ğŸ§œâ€â™‚ï¸,merman
ğŸ§œğŸ»â€â™‚ï¸,light skin tone merman
ğŸ§œğŸ¼â€â™‚ï¸,medium-light skin tone merman
ğŸ§œğŸ½â€â™‚ï¸,medium skin tone merman
ğŸ§œğŸ¾â€â™‚ï¸,medium-dark skin tone merman
ğŸ§œğŸ¿â€â™‚ï¸,dark skin tone merman
ğŸ§,elf
ğŸ§ğŸ»,light skin tone elf
ğŸ§ğŸ¼,medium-light skin tone elf
ğŸ§ğŸ½,medium skin tone elf
ğŸ§ğŸ¾,medium-dark skin tone elf
ğŸ§ğŸ¿,dark skin tone elf
ğŸ§â€â™€ï¸,woman elf
ğŸ§ğŸ»â€â™€ï¸,light skin tone woman elf
ğŸ§ğŸ¼â€â™€ï¸,medium-light skin tone woman elf
ğŸ§ğŸ½â€â™€ï¸,medium skin tone woman elf
ğŸ§ğŸ¾â€â™€ï¸,medium-dark skin tone woman elf
ğŸ§ğŸ¿â€â™€ï¸,dark skin tone woman elf
ğŸ§â€â™‚ï¸,man elf
ğŸ§ğŸ»â€â™‚ï¸,light skin tone man elf
ğŸ§ğŸ¼â€â™‚ï¸,medium-light skin tone man elf
ğŸ§ğŸ½â€â™‚ï¸,medium skin tone man elf
ğŸ§ğŸ¾â€â™‚ï¸,medium-dark skin tone man elf
ğŸ§ğŸ¿â€â™‚ï¸,dark skin tone man elf
ğŸ§,genie
ğŸ§â€â™€ï¸,woman genie
ğŸ§â€â™‚ï¸,man genie
ğŸ§Ÿ,zombie
ğŸ§Ÿâ€â™€ï¸,woman zombie
ğŸ§Ÿâ€â™‚ï¸,man zombie
ğŸ™,person frowning
ğŸ™ğŸ»,light skin tone person frowning
ğŸ™ğŸ¼,medium-light skin tone person frowning
ğŸ™ğŸ½,medium skin tone person frowning
ğŸ™ğŸ¾,medium-dark skin tone person frowning
ğŸ™ğŸ¿,dark skin tone person frowning
ğŸ™â€â™‚ï¸,man frowning
ğŸ™ğŸ»â€â™‚ï¸,light skin tone man frowning
ğŸ™ğŸ¼â€â™‚ï¸,medium-light skin tone man frowning
ğŸ™ğŸ½â€â™‚ï¸,medium skin tone man frowning
ğŸ™ğŸ¾â€â™‚ï¸,medium-dark skin tone man frowning
ğŸ™ğŸ¿â€â™‚ï¸,dark skin tone man frowning
ğŸ™â€â™€ï¸,woman frowning
ğŸ™ğŸ»â€â™€ï¸,light skin tone woman frowning
ğŸ™ğŸ¼â€â™€ï¸,medium-light skin tone woman frowning
ğŸ™ğŸ½â€â™€ï¸,medium skin tone woman frowning
ğŸ™ğŸ¾â€â™€ï¸,medium-dark skin tone woman frowning
ğŸ™ğŸ¿â€â™€ï¸,dark skin tone woman frowning
ğŸ™,person pouting
ğŸ™ğŸ»,light skin tone person pouting
ğŸ™ğŸ¼,medium-light skin tone person pouting
ğŸ™ğŸ½,medium skin tone person pouting
ğŸ™ğŸ¾,medium-dark skin tone person pouting
ğŸ™ğŸ¿,dark skin tone person pouting
ğŸ™â€â™‚ï¸,man pouting
ğŸ™ğŸ»â€â™‚ï¸,light skin tone man pouting
ğŸ™ğŸ¼â€â™‚ï¸,medium-light skin tone man pouting
ğŸ™ğŸ½â€â™‚ï¸,medium skin tone man pouting
ğŸ™ğŸ¾â€â™‚ï¸,medium-dark skin tone man pouting
ğŸ™ğŸ¿â€â™‚ï¸,dark skin tone man pouting
ğŸ™â€â™€ï¸,woman pouting
ğŸ™ğŸ»â€â™€ï¸,light skin tone woman pouting
ğŸ™ğŸ¼â€â™€ï¸,medium-light skin tone woman pouting
ğŸ™ğŸ½â€â™€ï¸,medium skin tone woman pouting
ğŸ™ğŸ¾â€â™€ï¸,medium-dark skin tone woman pouting
ğŸ™ğŸ¿â€â™€ï¸,dark skin tone woman pouting
ğŸ™…,person gesturing NO
ğŸ™…ğŸ»,light skin tone person gesturing NO
ğŸ™…ğŸ¼,medium-light skin tone person gesturing NO
ğŸ™…ğŸ½,medium skin tone person gesturing NO
ğŸ™…ğŸ¾,medium-dark skin tone person gesturing NO
ğŸ™…ğŸ¿,dark skin tone person gesturing NO
ğŸ™…â€â™‚ï¸,man gesturing NO
ğŸ™…ğŸ»â€â™‚ï¸,light skin tone man gesturing NO
ğŸ™…ğŸ¼â€â™‚ï¸,medium-light skin tone man gesturing NO
ğŸ™…ğŸ½â€â™‚ï¸,medium skin tone man gesturing NO
ğŸ™…ğŸ¾â€â™‚ï¸,medium-dark skin tone man gesturing NO
ğŸ™…ğŸ¿â€â™‚ï¸,dark skin tone man gesturing NO
ğŸ™…â€â™€ï¸,woman gesturing NO
ğŸ™…ğŸ»â€â™€ï¸,light skin tone woman gesturing NO
ğŸ™…ğŸ¼â€â™€ï¸,medium-light skin tone woman gesturing NO
ğŸ™…ğŸ½â€â™€ï¸,medium skin tone woman gesturing NO
ğŸ™…ğŸ¾â€â™€ï¸,medium-dark skin tone woman gesturing NO
ğŸ™…ğŸ¿â€â™€ï¸,dark skin tone woman gesturing NO
ğŸ™†,person gesturing OK
ğŸ™†ğŸ»,light skin tone person gesturing OK
ğŸ™†ğŸ¼,medium-light skin tone person gesturing OK
ğŸ™†ğŸ½,medium skin tone person gesturing OK
ğŸ™†ğŸ¾,medium-dark skin tone person gesturing OK
ğŸ™†ğŸ¿,dark skin tone person gesturing OK
ğŸ™†â€â™‚ï¸,man gesturing OK
ğŸ™†ğŸ»â€â™‚ï¸,light skin tone man gesturing OK
ğŸ™†ğŸ¼â€â™‚ï¸,medium-light skin tone man gesturing OK
ğŸ™†ğŸ½â€â™‚ï¸,medium skin tone man gesturing OK
ğŸ™†ğŸ¾â€â™‚ï¸,medium-dark skin tone man gesturing OK
ğŸ™†ğŸ¿â€â™‚ï¸,dark skin tone man gesturing OK
ğŸ™†â€â™€ï¸,woman gesturing OK
ğŸ™†ğŸ»â€â™€ï¸,light skin tone woman gesturing OK
ğŸ™†ğŸ¼â€â™€ï¸,medium-light skin tone woman gesturing OK
ğŸ™†ğŸ½â€â™€ï¸,medium skin tone woman gesturing OK
ğŸ™†ğŸ¾â€â™€ï¸,medium-dark skin tone woman gesturing OK
ğŸ™†ğŸ¿â€â™€ï¸,dark skin tone woman gesturing OK
ğŸ’,person tipping hand
ğŸ’ğŸ»,light skin tone person tipping hand
ğŸ’ğŸ¼,medium-light skin tone person tipping hand
ğŸ’ğŸ½,medium skin tone person tipping hand
ğŸ’ğŸ¾,medium-dark skin tone person tipping hand
ğŸ’ğŸ¿,dark skin tone person tipping hand
ğŸ’â€â™‚ï¸,man tipping hand
ğŸ’ğŸ»â€â™‚ï¸,light skin tone man tipping hand
ğŸ’ğŸ¼â€â™‚ï¸,medium-light skin tone man tipping hand
ğŸ’ğŸ½â€â™‚ï¸,medium skin tone man tipping hand
ğŸ’ğŸ¾â€â™‚ï¸,medium-dark skin tone man tipping hand
ğŸ’ğŸ¿â€â™‚ï¸,dark skin tone man tipping hand
ğŸ’â€â™€ï¸,woman tipping hand
ğŸ’ğŸ»â€â™€ï¸,light skin tone woman tipping hand
ğŸ’ğŸ¼â€â™€ï¸,medium-light skin tone woman tipping hand
ğŸ’ğŸ½â€â™€ï¸,medium skin tone woman tipping hand
ğŸ’ğŸ¾â€â™€ï¸,medium-dark skin tone woman tipping hand
ğŸ’ğŸ¿â€â™€ï¸,dark skin tone woman tipping hand
ğŸ™‹,person raising hand
ğŸ™‹ğŸ»,light skin tone person raising hand
ğŸ™‹ğŸ¼,medium-light skin tone person raising hand
ğŸ™‹ğŸ½,medium skin tone person raising hand
ğŸ™‹ğŸ¾,medium-dark skin tone person raising hand
ğŸ™‹ğŸ¿,dark skin tone person raising hand
ğŸ™‹â€â™‚ï¸,man raising hand
ğŸ™‹ğŸ»â€â™‚ï¸,light skin tone man raising hand
ğŸ™‹ğŸ¼â€â™‚ï¸,medium-light skin tone man raising hand
ğŸ™‹ğŸ½â€â™‚ï¸,medium skin tone man raising hand
ğŸ™‹ğŸ¾â€â™‚ï¸,medium-dark skin tone man raising hand
ğŸ™‹ğŸ¿â€â™‚ï¸,dark skin tone man raising hand
ğŸ™‹â€â™€ï¸,woman raising hand
ğŸ™‹ğŸ»â€â™€ï¸,light skin tone woman raising hand
ğŸ™‹ğŸ¼â€â™€ï¸,medium-light skin tone woman raising hand
ğŸ™‹ğŸ½â€â™€ï¸,medium skin tone woman raising hand
ğŸ™‹ğŸ¾â€â™€ï¸,medium-dark skin tone woman raising hand
ğŸ™‹ğŸ¿â€â™€ï¸,dark skin tone woman raising hand
ğŸ™‡,person bowing
ğŸ™‡ğŸ»,light skin tone person bowing
ğŸ™‡ğŸ¼,medium-light skin tone person bowing
ğŸ™‡ğŸ½,medium skin tone person bowing
ğŸ™‡ğŸ¾,medium-dark skin tone person bowing
ğŸ™‡ğŸ¿,dark skin tone person bowing
ğŸ™‡â€â™‚ï¸,man bowing
ğŸ™‡ğŸ»â€â™‚ï¸,light skin tone man bowing
ğŸ™‡ğŸ¼â€â™‚ï¸,medium-light skin tone man bowing
ğŸ™‡ğŸ½â€â™‚ï¸,medium skin tone man bowing
ğŸ™‡ğŸ¾â€â™‚ï¸,medium-dark skin tone man bowing
ğŸ™‡ğŸ¿â€â™‚ï¸,dark skin tone man bowing
ğŸ™‡â€â™€ï¸,woman bowing
ğŸ™‡ğŸ»â€â™€ï¸,light skin tone woman bowing
ğŸ™‡ğŸ¼â€â™€ï¸,medium-light skin tone woman bowing
ğŸ™‡ğŸ½â€â™€ï¸,medium skin tone woman bowing
ğŸ™‡ğŸ¾â€â™€ï¸,medium-dark skin tone woman bowing
ğŸ™‡ğŸ¿â€â™€ï¸,dark skin tone woman bowing
ğŸ¤¦,person facepalming
ğŸ¤¦ğŸ»,light skin tone person facepalming
ğŸ¤¦ğŸ¼,medium-light skin tone person facepalming
ğŸ¤¦ğŸ½,medium skin tone person facepalming
ğŸ¤¦ğŸ¾,medium-dark skin tone person facepalming
ğŸ¤¦ğŸ¿,dark skin tone person facepalming
ğŸ¤¦â€â™‚ï¸,man facepalming
ğŸ¤¦ğŸ»â€â™‚ï¸,light skin tone man facepalming
ğŸ¤¦ğŸ¼â€â™‚ï¸,medium-light skin tone man facepalming
ğŸ¤¦ğŸ½â€â™‚ï¸,medium skin tone man facepalming
ğŸ¤¦ğŸ¾â€â™‚ï¸,medium-dark skin tone man facepalming
ğŸ¤¦ğŸ¿â€â™‚ï¸,dark skin tone man facepalming
ğŸ¤¦â€â™€ï¸,woman facepalming
ğŸ¤¦ğŸ»â€â™€ï¸,light skin tone woman facepalming
ğŸ¤¦ğŸ¼â€â™€ï¸,medium-light skin tone woman facepalming
ğŸ¤¦ğŸ½â€â™€ï¸,medium skin tone woman facepalming
ğŸ¤¦ğŸ¾â€â™€ï¸,medium-dark skin tone woman facepalming
ğŸ¤¦ğŸ¿â€â™€ï¸,dark skin tone woman facepalming
ğŸ¤·,person shrugging
ğŸ¤·ğŸ»,light skin tone person shrugging
ğŸ¤·ğŸ¼,medium-light skin tone person shrugging
ğŸ¤·ğŸ½,medium skin tone person shrugging
ğŸ¤·ğŸ¾,medium-dark skin tone person shrugging
ğŸ¤·ğŸ¿,dark skin tone person shrugging
ğŸ¤·â€â™‚ï¸,man shrugging
ğŸ¤·ğŸ»â€â™‚ï¸,light skin tone man shrugging
ğŸ¤·ğŸ¼â€â™‚ï¸,medium-light skin tone man shrugging
ğŸ¤·ğŸ½â€â™‚ï¸,medium skin tone man shrugging
ğŸ¤·ğŸ¾â€â™‚ï¸,medium-dark skin tone man shrugging
ğŸ¤·ğŸ¿â€â™‚ï¸,dark skin tone man shrugging
ğŸ¤·â€â™€ï¸,woman shrugging
ğŸ¤·ğŸ»â€â™€ï¸,light skin tone woman shrugging
ğŸ¤·ğŸ¼â€â™€ï¸,medium-light skin tone woman shrugging
ğŸ¤·ğŸ½â€â™€ï¸,medium skin tone woman shrugging
ğŸ¤·ğŸ¾â€â™€ï¸,medium-dark skin tone woman shrugging
ğŸ¤·ğŸ¿â€â™€ï¸,dark skin tone woman shrugging
ğŸ’†,person getting massage
ğŸ’†ğŸ»,light skin tone person getting massage
ğŸ’†ğŸ¼,medium-light skin tone person getting massage
ğŸ’†ğŸ½,medium skin tone person getting massage
ğŸ’†ğŸ¾,medium-dark skin tone person getting massage
ğŸ’†ğŸ¿,dark skin tone person getting massage
ğŸ’†â€â™‚ï¸,man getting massage
ğŸ’†ğŸ»â€â™‚ï¸,light skin tone man getting massage
ğŸ’†ğŸ¼â€â™‚ï¸,medium-light skin tone man getting massage
ğŸ’†ğŸ½â€â™‚ï¸,medium skin tone man getting massage
ğŸ’†ğŸ¾â€â™‚ï¸,medium-dark skin tone man getting massage
ğŸ’†ğŸ¿â€â™‚ï¸,dark skin tone man getting massage
ğŸ’†â€â™€ï¸,woman getting massage
ğŸ’†ğŸ»â€â™€ï¸,light skin tone woman getting massage
ğŸ’†ğŸ¼â€â™€ï¸,medium-light skin tone woman getting massage
ğŸ’†ğŸ½â€â™€ï¸,medium skin tone woman getting massage
ğŸ’†ğŸ¾â€â™€ï¸,medium-dark skin tone woman getting massage
ğŸ’†ğŸ¿â€â™€ï¸,dark skin tone woman getting massage
ğŸ’‡,person getting haircut
ğŸ’‡ğŸ»,light skin tone person getting haircut
ğŸ’‡ğŸ¼,medium-light skin tone person getting haircut
ğŸ’‡ğŸ½,medium skin tone person getting haircut
ğŸ’‡ğŸ¾,medium-dark skin tone person getting haircut
ğŸ’‡ğŸ¿,dark skin tone person getting haircut
ğŸ’‡â€â™‚ï¸,man getting haircut
ğŸ’‡ğŸ»â€â™‚ï¸,light skin tone man getting haircut
ğŸ’‡ğŸ¼â€â™‚ï¸,medium-light skin tone man getting haircut
ğŸ’‡ğŸ½â€â™‚ï¸,medium skin tone man getting haircut
ğŸ’‡ğŸ¾â€â™‚ï¸,medium-dark skin tone man getting haircut
ğŸ’‡ğŸ¿â€â™‚ï¸,dark skin tone man getting haircut
ğŸ’‡â€â™€ï¸,woman getting haircut
ğŸ’‡ğŸ»â€â™€ï¸,light skin tone woman getting haircut
ğŸ’‡ğŸ¼â€â™€ï¸,medium-light skin tone woman getting haircut
ğŸ’‡ğŸ½â€â™€ï¸,medium skin tone woman getting haircut
ğŸ’‡ğŸ¾â€â™€ï¸,medium-dark skin tone woman getting haircut
ğŸ’‡ğŸ¿â€â™€ï¸,dark skin tone woman getting haircut
ğŸš¶,person walking
ğŸš¶ğŸ»,light skin tone person walking
ğŸš¶ğŸ¼,medium-light skin tone person walking
ğŸš¶ğŸ½,medium skin tone person walking
ğŸš¶ğŸ¾,medium-dark skin tone person walking
ğŸš¶ğŸ¿,dark skin tone person walking
ğŸš¶â€â™‚ï¸,man walking
ğŸš¶ğŸ»â€â™‚ï¸,light skin tone man walking
ğŸš¶ğŸ¼â€â™‚ï¸,medium-light skin tone man walking
ğŸš¶ğŸ½â€â™‚ï¸,medium skin tone man walking
ğŸš¶ğŸ¾â€â™‚ï¸,medium-dark skin tone man walking
ğŸš¶ğŸ¿â€â™‚ï¸,dark skin tone man walking
ğŸš¶â€â™€ï¸,woman walking
ğŸš¶ğŸ»â€â™€ï¸,light skin tone woman walking
ğŸš¶ğŸ¼â€â™€ï¸,medium-light skin tone woman walking
ğŸš¶ğŸ½â€â™€ï¸,medium skin tone woman walking
ğŸš¶ğŸ¾â€â™€ï¸,medium-dark skin tone woman walking
ğŸš¶ğŸ¿â€â™€ï¸,dark skin tone woman walking
ğŸƒ,person running
ğŸƒğŸ»,light skin tone person running
ğŸƒğŸ¼,medium-light skin tone person running
ğŸƒğŸ½,medium skin tone person running
ğŸƒğŸ¾,medium-dark skin tone person running
ğŸƒğŸ¿,dark skin tone person running
ğŸƒâ€â™‚ï¸,man running
ğŸƒğŸ»â€â™‚ï¸,light skin tone man running
ğŸƒğŸ¼â€â™‚ï¸,medium-light skin tone man running
ğŸƒğŸ½â€â™‚ï¸,medium skin tone man running
ğŸƒğŸ¾â€â™‚ï¸,medium-dark skin tone man running
ğŸƒğŸ¿â€â™‚ï¸,dark skin tone man running
ğŸƒâ€â™€ï¸,woman running
ğŸƒğŸ»â€â™€ï¸,light skin tone woman running
ğŸƒğŸ¼â€â™€ï¸,medium-light skin tone woman running
ğŸƒğŸ½â€â™€ï¸,medium skin tone woman running
ğŸƒğŸ¾â€â™€ï¸,medium-dark skin tone woman running
ğŸƒğŸ¿â€â™€ï¸,dark skin tone woman running
ğŸ’ƒ,woman dancing
ğŸ’ƒğŸ»,light skin tone woman dancing
ğŸ’ƒğŸ¼,medium-light skin tone woman dancing
ğŸ’ƒğŸ½,medium skin tone woman dancing
ğŸ’ƒğŸ¾,medium-dark skin tone woman dancing
ğŸ’ƒğŸ¿,dark skin tone woman dancing
ğŸ•º,man dancing
ğŸ•ºğŸ»,light skin tone man dancing
ğŸ•ºğŸ¼,medium-light skin tone man dancing
ğŸ•ºğŸ½,medium skin tone man dancing
ğŸ•ºğŸ¾,medium-dark skin tone man dancing
ğŸ•ºğŸ¿,dark skin tone man dancing
ğŸ‘¯,people with bunny ears
ğŸ‘¯â€â™‚ï¸,men with bunny ears
ğŸ‘¯â€â™€ï¸,women with bunny ears
ğŸ§–,person in steamy room
ğŸ§–ğŸ»,light skin tone person in steamy room
ğŸ§–ğŸ¼,medium-light skin tone person in steamy room
ğŸ§–ğŸ½,medium skin tone person in steamy room
ğŸ§–ğŸ¾,medium-dark skin tone person in steamy room
ğŸ§–ğŸ¿,dark skin tone person in steamy room
ğŸ§–â€â™€ï¸,woman in steamy room
ğŸ§–ğŸ»â€â™€ï¸,light skin tone woman in steamy room
ğŸ§–ğŸ¼â€â™€ï¸,medium-light skin tone woman in steamy room
ğŸ§–ğŸ½â€â™€ï¸,medium skin tone woman in steamy room
ğŸ§–ğŸ¾â€â™€ï¸,medium-dark skin tone woman in steamy room
ğŸ§–ğŸ¿â€â™€ï¸,dark skin tone woman in steamy room
ğŸ§–â€â™‚ï¸,man in steamy room
ğŸ§–ğŸ»â€â™‚ï¸,light skin tone man in steamy room
ğŸ§–ğŸ¼â€â™‚ï¸,medium-light skin tone man in steamy room
ğŸ§–ğŸ½â€â™‚ï¸,medium skin tone man in steamy room
ğŸ§–ğŸ¾â€â™‚ï¸,medium-dark skin tone man in steamy room
ğŸ§–ğŸ¿â€â™‚ï¸,dark skin tone man in steamy room
ğŸ§—,person climbing
ğŸ§—ğŸ»,light skin tone person climbing
ğŸ§—ğŸ¼,medium-light skin tone person climbing
ğŸ§—ğŸ½,medium skin tone person climbing
ğŸ§—ğŸ¾,medium-dark skin tone person climbing
ğŸ§—ğŸ¿,dark skin tone person climbing
ğŸ§—â€â™€ï¸,woman climbing
ğŸ§—ğŸ»â€â™€ï¸,light skin tone woman climbing
ğŸ§—ğŸ¼â€â™€ï¸,medium-light skin tone woman climbing
ğŸ§—ğŸ½â€â™€ï¸,medium skin tone woman climbing
ğŸ§—ğŸ¾â€â™€ï¸,medium-dark skin tone woman climbing
ğŸ§—ğŸ¿â€â™€ï¸,dark skin tone woman climbing
ğŸ§—â€â™‚ï¸,man climbing
ğŸ§—ğŸ»â€â™‚ï¸,light skin tone man climbing
ğŸ§—ğŸ¼â€â™‚ï¸,medium-light skin tone man climbing
ğŸ§—ğŸ½â€â™‚ï¸,medium skin tone man climbing
ğŸ§—ğŸ¾â€â™‚ï¸,medium-dark skin tone man climbing
ğŸ§—ğŸ¿â€â™‚ï¸,dark skin tone man climbing
ğŸ§˜,person in lotus position
ğŸ§˜ğŸ»,light skin tone person in lotus position
ğŸ§˜ğŸ¼,medium-light skin tone person in lotus position
ğŸ§˜ğŸ½,medium skin tone person in lotus position
ğŸ§˜ğŸ¾,medium-dark skin tone person in lotus position
ğŸ§˜ğŸ¿,dark skin tone person in lotus position
ğŸ§˜â€â™€ï¸,woman in lotus position
ğŸ§˜ğŸ»â€â™€ï¸,light skin tone woman in lotus position
ğŸ§˜ğŸ¼â€â™€ï¸,medium-light skin tone woman in lotus position
ğŸ§˜ğŸ½â€â™€ï¸,medium skin tone woman in lotus position
ğŸ§˜ğŸ¾â€â™€ï¸,medium-dark skin tone woman in lotus position
ğŸ§˜ğŸ¿â€â™€ï¸,dark skin tone woman in lotus position
ğŸ§˜â€â™‚ï¸,man in lotus position
ğŸ§˜ğŸ»â€â™‚ï¸,light skin tone man in lotus position
ğŸ§˜ğŸ¼â€â™‚ï¸,medium-light skin tone man in lotus position
ğŸ§˜ğŸ½â€â™‚ï¸,medium skin tone man in lotus position
ğŸ§˜ğŸ¾â€â™‚ï¸,medium-dark skin tone man in lotus position
ğŸ§˜ğŸ¿â€â™‚ï¸,dark skin tone man in lotus position
ğŸ›€,person taking bath
ğŸ›€ğŸ»,light skin tone person taking bath
ğŸ›€ğŸ¼,medium-light skin tone person taking bath
ğŸ›€ğŸ½,medium skin tone person taking bath
ğŸ›€ğŸ¾,medium-dark skin tone person taking bath
ğŸ›€ğŸ¿,dark skin tone person taking bath
ğŸ›Œ,person in bed
ğŸ›ŒğŸ»,light skin tone person in bed
ğŸ›ŒğŸ¼,medium-light skin tone person in bed
ğŸ›ŒğŸ½,medium skin tone person in bed
ğŸ›ŒğŸ¾,medium-dark skin tone person in bed
ğŸ›ŒğŸ¿,dark skin tone person in bed
ğŸ•´,man in suit levitating
ğŸ•´ğŸ»,light skin tone man in suit levitating
ğŸ•´ğŸ¼,medium-light skin tone man in suit levitating
ğŸ•´ğŸ½,medium skin tone man in suit levitating
ğŸ•´ğŸ¾,medium-dark skin tone man in suit levitating
ğŸ•´ğŸ¿,dark skin tone man in suit levitating
ğŸ—£,speaking head
ğŸ‘¤,bust in silhouette
ğŸ‘¥,busts in silhouette
ğŸ¤º,person fencing
ğŸ‡,horse racing
ğŸ‡ğŸ»,light skin tone horse racing
ğŸ‡ğŸ¼,medium-light skin tone horse racing
ğŸ‡ğŸ½,medium skin tone horse racing
ğŸ‡ğŸ¾,medium-dark skin tone horse racing
ğŸ‡ğŸ¿,dark skin tone horse racing
â›·,skier
ğŸ‚,snowboarder
ğŸ‚ğŸ»,light skin tone snowboarder
ğŸ‚ğŸ¼,medium-light skin tone snowboarder
ğŸ‚ğŸ½,medium skin tone snowboarder
ğŸ‚ğŸ¾,medium-dark skin tone snowboarder
ğŸ‚ğŸ¿,dark skin tone snowboarder
ğŸŒ,person golfing
ğŸŒğŸ»,light skin tone person golfing
ğŸŒğŸ¼,medium-light skin tone person golfing
ğŸŒğŸ½,medium skin tone person golfing
ğŸŒğŸ¾,medium-dark skin tone person golfing
ğŸŒğŸ¿,dark skin tone person golfing
ğŸŒï¸â€â™‚ï¸,man golfing
ğŸŒğŸ»â€â™‚ï¸,light skin tone man golfing
ğŸŒğŸ¼â€â™‚ï¸,medium-light skin tone man golfing
ğŸŒğŸ½â€â™‚ï¸,medium skin tone man golfing
ğŸŒğŸ¾â€â™‚ï¸,medium-dark skin tone man golfing
ğŸŒğŸ¿â€â™‚ï¸,dark skin tone man golfing
ğŸŒï¸â€â™€ï¸,woman golfing
ğŸŒğŸ»â€â™€ï¸,light skin tone woman golfing
ğŸŒğŸ¼â€â™€ï¸,medium-light skin tone woman golfing
ğŸŒğŸ½â€â™€ï¸,medium skin tone woman golfing
ğŸŒğŸ¾â€â™€ï¸,medium-dark skin tone woman golfing
ğŸŒğŸ¿â€â™€ï¸,dark skin tone woman golfing
ğŸ„,person surfing
ğŸ„ğŸ»,light skin tone person surfing
ğŸ„ğŸ¼,medium-light skin tone person surfing
ğŸ„ğŸ½,medium skin tone person surfing
ğŸ„ğŸ¾,medium-dark skin tone person surfing
ğŸ„ğŸ¿,dark skin tone person surfing
ğŸ„â€â™‚ï¸,man surfing
ğŸ„ğŸ»â€â™‚ï¸,light skin tone man surfing
ğŸ„ğŸ¼â€â™‚ï¸,medium-light skin tone man surfing
ğŸ„ğŸ½â€â™‚ï¸,medium skin tone man surfing
ğŸ„ğŸ¾â€â™‚ï¸,medium-dark skin tone man surfing
ğŸ„ğŸ¿â€â™‚ï¸,dark skin tone man surfing
ğŸ„â€â™€ï¸,woman surfing
ğŸ„ğŸ»â€â™€ï¸,light skin tone woman surfing
ğŸ„ğŸ¼â€â™€ï¸,medium-light skin tone woman surfing
ğŸ„ğŸ½â€â™€ï¸,medium skin tone woman surfing
ğŸ„ğŸ¾â€â™€ï¸,medium-dark skin tone woman surfing
ğŸ„ğŸ¿â€â™€ï¸,dark skin tone woman surfing
ğŸš£,person rowing boat
ğŸš£ğŸ»,light skin tone person rowing boat
ğŸš£ğŸ¼,medium-light skin tone person rowing boat
ğŸš£ğŸ½,medium skin tone person rowing boat
ğŸš£ğŸ¾,medium-dark skin tone person rowing boat
ğŸš£ğŸ¿,dark skin tone person rowing boat
ğŸš£â€â™‚ï¸,man rowing boat
ğŸš£ğŸ»â€â™‚ï¸,light skin tone man rowing boat
ğŸš£ğŸ¼â€â™‚ï¸,medium-light skin tone man rowing boat
ğŸš£ğŸ½â€â™‚ï¸,medium skin tone man rowing boat
ğŸš£ğŸ¾â€â™‚ï¸,medium-dark skin tone man rowing boat
ğŸš£ğŸ¿â€â™‚ï¸,dark skin tone man rowing boat
ğŸš£â€â™€ï¸,woman rowing boat
ğŸš£ğŸ»â€â™€ï¸,light skin tone woman rowing boat
ğŸš£ğŸ¼â€â™€ï¸,medium-light skin tone woman rowing boat
ğŸš£ğŸ½â€â™€ï¸,medium skin tone woman rowing boat
ğŸš£ğŸ¾â€â™€ï¸,medium-dark skin tone woman rowing boat
ğŸš£ğŸ¿â€â™€ï¸,dark skin tone woman rowing boat
ğŸŠ,person swimming
ğŸŠğŸ»,light skin tone person swimming
ğŸŠğŸ¼,medium-light skin tone person swimming
ğŸŠğŸ½,medium skin tone person swimming
ğŸŠğŸ¾,medium-dark skin tone person swimming
ğŸŠğŸ¿,dark skin tone person swimming
ğŸŠâ€â™‚ï¸,man swimming
ğŸŠğŸ»â€â™‚ï¸,light skin tone man swimming
ğŸŠğŸ¼â€â™‚ï¸,medium-light skin tone man swimming
ğŸŠğŸ½â€â™‚ï¸,medium skin tone man swimming
ğŸŠğŸ¾â€â™‚ï¸,medium-dark skin tone man swimming
ğŸŠğŸ¿â€â™‚ï¸,dark skin tone man swimming
ğŸŠâ€â™€ï¸,woman swimming
ğŸŠğŸ»â€â™€ï¸,light skin tone woman swimming
ğŸŠğŸ¼â€â™€ï¸,medium-light skin tone woman swimming
ğŸŠğŸ½â€â™€ï¸,medium skin tone woman swimming
ğŸŠğŸ¾â€â™€ï¸,medium-dark skin tone woman swimming
ğŸŠğŸ¿â€â™€ï¸,dark skin tone woman swimming
â›¹,person bouncing ball
â›¹ğŸ»,light skin tone person bouncing ball
â›¹ğŸ¼,medium-light skin tone person bouncing ball
â›¹ğŸ½,medium skin tone person bouncing ball
â›¹ğŸ¾,medium-dark skin tone person bouncing ball
â›¹ğŸ¿,dark skin tone person bouncing ball
â›¹ï¸â€â™‚ï¸,man bouncing ball
â›¹ğŸ»â€â™‚ï¸,light skin tone man bouncing ball
â›¹ğŸ¼â€â™‚ï¸,medium-light skin tone man bouncing ball
â›¹ğŸ½â€â™‚ï¸,medium skin tone man bouncing ball
â›¹ğŸ¾â€â™‚ï¸,medium-dark skin tone man bouncing ball
â›¹ğŸ¿â€â™‚ï¸,dark skin tone man bouncing ball
â›¹ï¸â€â™€ï¸,woman bouncing ball
â›¹ğŸ»â€â™€ï¸,light skin tone woman bouncing ball
â›¹ğŸ¼â€â™€ï¸,medium-light skin tone woman bouncing ball
â›¹ğŸ½â€â™€ï¸,medium skin tone woman bouncing ball
â›¹ğŸ¾â€â™€ï¸,medium-dark skin tone woman bouncing ball
â›¹ğŸ¿â€â™€ï¸,dark skin tone woman bouncing ball
ğŸ‹,person lifting weights
ğŸ‹ğŸ»,light skin tone person lifting weights
ğŸ‹ğŸ¼,medium-light skin tone person lifting weights
ğŸ‹ğŸ½,medium skin tone person lifting weights
ğŸ‹ğŸ¾,medium-dark skin tone person lifting weights
ğŸ‹ğŸ¿,dark skin tone person lifting weights
ğŸ‹ï¸â€â™‚ï¸,man lifting weights
ğŸ‹ğŸ»â€â™‚ï¸,light skin tone man lifting weights
ğŸ‹ğŸ¼â€â™‚ï¸,medium-light skin tone man lifting weights
ğŸ‹ğŸ½â€â™‚ï¸,medium skin tone man lifting weights
ğŸ‹ğŸ¾â€â™‚ï¸,medium-dark skin tone man lifting weights
ğŸ‹ğŸ¿â€â™‚ï¸,dark skin tone man lifting weights
ğŸ‹ï¸â€â™€ï¸,woman lifting weights
ğŸ‹ğŸ»â€â™€ï¸,light skin tone woman lifting weights
ğŸ‹ğŸ¼â€â™€ï¸,medium-light skin tone woman lifting weights
ğŸ‹ğŸ½â€â™€ï¸,medium skin tone woman lifting weights
ğŸ‹ğŸ¾â€â™€ï¸,medium-dark skin tone woman lifting weights
ğŸ‹ğŸ¿â€â™€ï¸,dark skin tone woman lifting weights
ğŸš´,person biking
ğŸš´ğŸ»,light skin tone person biking
ğŸš´ğŸ¼,medium-light skin tone person biking
ğŸš´ğŸ½,medium skin tone person biking
ğŸš´ğŸ¾,medium-dark skin tone person biking
ğŸš´ğŸ¿,dark skin tone person biking
ğŸš´â€â™‚ï¸,man biking
ğŸš´ğŸ»â€â™‚ï¸,light skin tone man biking
ğŸš´ğŸ¼â€â™‚ï¸,medium-light skin tone man biking
ğŸš´ğŸ½â€â™‚ï¸,medium skin tone man biking
ğŸš´ğŸ¾â€â™‚ï¸,medium-dark skin tone man biking
ğŸš´ğŸ¿â€â™‚ï¸,dark skin tone man biking
ğŸš´â€â™€ï¸,woman biking
ğŸš´ğŸ»â€â™€ï¸,light skin tone woman biking
ğŸš´ğŸ¼â€â™€ï¸,medium-light skin tone woman biking
ğŸš´ğŸ½â€â™€ï¸,medium skin tone woman biking
ğŸš´ğŸ¾â€â™€ï¸,medium-dark skin tone woman biking
ğŸš´ğŸ¿â€â™€ï¸,dark skin tone woman biking
ğŸšµ,person mountain biking
ğŸšµğŸ»,light skin tone person mountain biking
ğŸšµğŸ¼,medium-light skin tone person mountain biking
ğŸšµğŸ½,medium skin tone person mountain biking
ğŸšµğŸ¾,medium-dark skin tone person mountain biking
ğŸšµğŸ¿,dark skin tone person mountain biking
ğŸšµâ€â™‚ï¸,man mountain biking
ğŸšµğŸ»â€â™‚ï¸,light skin tone man mountain biking
ğŸšµğŸ¼â€â™‚ï¸,medium-light skin tone man mountain biking
ğŸšµğŸ½â€â™‚ï¸,medium skin tone man mountain biking
ğŸšµğŸ¾â€â™‚ï¸,medium-dark skin tone man mountain biking
ğŸšµğŸ¿â€â™‚ï¸,dark skin tone man mountain biking
ğŸšµâ€â™€ï¸,woman mountain biking
ğŸšµğŸ»â€â™€ï¸,light skin tone woman mountain biking
ğŸšµğŸ¼â€â™€ï¸,medium-light skin tone woman mountain biking
ğŸšµğŸ½â€â™€ï¸,medium skin tone woman mountain biking
ğŸšµğŸ¾â€â™€ï¸,medium-dark skin tone woman mountain biking
ğŸšµğŸ¿â€â™€ï¸,dark skin tone woman mountain biking
ğŸ,racing car
ğŸ,motorcycle
ğŸ¤¸,person cartwheeling
ğŸ¤¸ğŸ»,light skin tone person cartwheeling
ğŸ¤¸ğŸ¼,medium-light skin tone person cartwheeling
ğŸ¤¸ğŸ½,medium skin tone person cartwheeling
ğŸ¤¸ğŸ¾,medium-dark skin tone person cartwheeling
ğŸ¤¸ğŸ¿,dark skin tone person cartwheeling
ğŸ¤¸â€â™‚ï¸,man cartwheeling
ğŸ¤¸ğŸ»â€â™‚ï¸,light skin tone man cartwheeling
ğŸ¤¸ğŸ¼â€â™‚ï¸,medium-light skin tone man cartwheeling
ğŸ¤¸ğŸ½â€â™‚ï¸,medium skin tone man cartwheeling
ğŸ¤¸ğŸ¾â€â™‚ï¸,medium-dark skin tone man cartwheeling
ğŸ¤¸ğŸ¿â€â™‚ï¸,dark skin tone man cartwheeling
ğŸ¤¸â€â™€ï¸,woman cartwheeling
ğŸ¤¸ğŸ»â€â™€ï¸,light skin tone woman cartwheeling
ğŸ¤¸ğŸ¼â€â™€ï¸,medium-light skin tone woman cartwheeling
ğŸ¤¸ğŸ½â€â™€ï¸,medium skin tone woman cartwheeling
ğŸ¤¸ğŸ¾â€â™€ï¸,medium-dark skin tone woman cartwheeling
ğŸ¤¸ğŸ¿â€â™€ï¸,dark skin tone woman cartwheeling
ğŸ¤¼,people wrestling
ğŸ¤¼â€â™‚ï¸,men wrestling
ğŸ¤¼â€â™€ï¸,women wrestling
ğŸ¤½,person playing water polo
ğŸ¤½ğŸ»,light skin tone person playing water polo
ğŸ¤½ğŸ¼,medium-light skin tone person playing water polo
ğŸ¤½ğŸ½,medium skin tone person playing water polo
ğŸ¤½ğŸ¾,medium-dark skin tone person playing water polo
ğŸ¤½ğŸ¿,dark skin tone person playing water polo
ğŸ¤½â€â™‚ï¸,man playing water polo
ğŸ¤½ğŸ»â€â™‚ï¸,light skin tone man playing water polo
ğŸ¤½ğŸ¼â€â™‚ï¸,medium-light skin tone man playing water polo
ğŸ¤½ğŸ½â€â™‚ï¸,medium skin tone man playing water polo
ğŸ¤½ğŸ¾â€â™‚ï¸,medium-dark skin tone man playing water polo
ğŸ¤½ğŸ¿â€â™‚ï¸,dark skin tone man playing water polo
ğŸ¤½â€â™€ï¸,woman playing water polo
ğŸ¤½ğŸ»â€â™€ï¸,light skin tone woman playing water polo
ğŸ¤½ğŸ¼â€â™€ï¸,medium-light skin tone woman playing water polo
ğŸ¤½ğŸ½â€â™€ï¸,medium skin tone woman playing water polo
ğŸ¤½ğŸ¾â€â™€ï¸,medium-dark skin tone woman playing water polo
ğŸ¤½ğŸ¿â€â™€ï¸,dark skin tone woman playing water polo
ğŸ¤¾,person playing handball
ğŸ¤¾ğŸ»,light skin tone person playing handball
ğŸ¤¾ğŸ¼,medium-light skin tone person playing handball
ğŸ¤¾ğŸ½,medium skin tone person playing handball
ğŸ¤¾ğŸ¾,medium-dark skin tone person playing handball
ğŸ¤¾ğŸ¿,dark skin tone person playing handball
ğŸ¤¾â€â™‚ï¸,man playing handball
ğŸ¤¾ğŸ»â€â™‚ï¸,light skin tone man playing handball
ğŸ¤¾ğŸ¼â€â™‚ï¸,medium-light skin tone man playing handball
ğŸ¤¾ğŸ½â€â™‚ï¸,medium skin tone man playing handball
ğŸ¤¾ğŸ¾â€â™‚ï¸,medium-dark skin tone man playing handball
ğŸ¤¾ğŸ¿â€â™‚ï¸,dark skin tone man playing handball
ğŸ¤¾â€â™€ï¸,woman playing handball
ğŸ¤¾ğŸ»â€â™€ï¸,light skin tone woman playing handball
ğŸ¤¾ğŸ¼â€â™€ï¸,medium-light skin tone woman playing handball
ğŸ¤¾ğŸ½â€â™€ï¸,medium skin tone woman playing handball
ğŸ¤¾ğŸ¾â€â™€ï¸,medium-dark skin tone woman playing handball
ğŸ¤¾ğŸ¿â€â™€ï¸,dark skin tone woman playing handball
ğŸ¤¹,person juggling
ğŸ¤¹ğŸ»,light skin tone person juggling
ğŸ¤¹ğŸ¼,medium-light skin tone person juggling
ğŸ¤¹ğŸ½,medium skin tone person juggling
ğŸ¤¹ğŸ¾,medium-dark skin tone person juggling
ğŸ¤¹ğŸ¿,dark skin tone person juggling
ğŸ¤¹â€â™‚ï¸,man juggling
ğŸ¤¹ğŸ»â€â™‚ï¸,light skin tone man juggling
ğŸ¤¹ğŸ¼â€â™‚ï¸,medium-light skin tone man juggling
ğŸ¤¹ğŸ½â€â™‚ï¸,medium skin tone man juggling
ğŸ¤¹ğŸ¾â€â™‚ï¸,medium-dark skin tone man juggling
ğŸ¤¹ğŸ¿â€â™‚ï¸,dark skin tone man juggling
ğŸ¤¹â€â™€ï¸,woman juggling
ğŸ¤¹ğŸ»â€â™€ï¸,light skin tone woman juggling
ğŸ¤¹ğŸ¼â€â™€ï¸,medium-light skin tone woman juggling
ğŸ¤¹ğŸ½â€â™€ï¸,medium skin tone woman juggling
ğŸ¤¹ğŸ¾â€â™€ï¸,medium-dark skin tone woman juggling
ğŸ¤¹ğŸ¿â€â™€ï¸,dark skin tone woman juggling
ğŸ‘«,man and woman holding hands
ğŸ‘¬,two men holding hands
ğŸ‘­,two women holding hands
ğŸ’,kiss
ğŸ‘©â€â¤ï¸â€ğŸ’‹â€ğŸ‘¨,"woman, man kiss"
ğŸ‘¨â€â¤ï¸â€ğŸ’‹â€ğŸ‘¨,"man, man kiss"
ğŸ‘©â€â¤ï¸â€ğŸ’‹â€ğŸ‘©,"woman, woman kiss"
ğŸ’‘,couple with heart
ğŸ‘©â€â¤ï¸â€ğŸ‘¨,"woman, man couple with heart"
ğŸ‘¨â€â¤ï¸â€ğŸ‘¨,"man, man couple with heart"
ğŸ‘©â€â¤ï¸â€ğŸ‘©,"woman, woman couple with heart"
ğŸ‘ª,family
ğŸ‘¨â€ğŸ‘©â€ğŸ‘¦,"man, woman, boy family"
ğŸ‘¨â€ğŸ‘©â€ğŸ‘§,"man, woman, girl family"
ğŸ‘¨â€ğŸ‘©â€ğŸ‘§â€ğŸ‘¦,"man, woman, girl, boy family"
ğŸ‘¨â€ğŸ‘©â€ğŸ‘¦â€ğŸ‘¦,"man, woman, boy, boy family"
ğŸ‘¨â€ğŸ‘©â€ğŸ‘§â€ğŸ‘§,"man, woman, girl, girl family"
ğŸ‘¨â€ğŸ‘¨â€ğŸ‘¦,"man, man, boy family"
ğŸ‘¨â€ğŸ‘¨â€ğŸ‘§,"man, man, girl family"
ğŸ‘¨â€ğŸ‘¨â€ğŸ‘§â€ğŸ‘¦,"man, man, girl, boy family"
ğŸ‘¨â€ğŸ‘¨â€ğŸ‘¦â€ğŸ‘¦,"man, man, boy, boy family"
ğŸ‘¨â€ğŸ‘¨â€ğŸ‘§â€ğŸ‘§,"man, man, girl, girl family"
ğŸ‘©â€ğŸ‘©â€ğŸ‘¦,"woman, woman, boy family"
ğŸ‘©â€ğŸ‘©â€ğŸ‘§,"woman, woman, girl family"
ğŸ‘©â€ğŸ‘©â€ğŸ‘§â€ğŸ‘¦,"woman, woman, girl, boy family"
ğŸ‘©â€ğŸ‘©â€ğŸ‘¦â€ğŸ‘¦,"woman, woman, boy, boy family"
ğŸ‘©â€ğŸ‘©â€ğŸ‘§â€ğŸ‘§,"woman, woman, girl, girl family"
ğŸ‘¨â€ğŸ‘¦,"man, boy family"
ğŸ‘¨â€ğŸ‘¦â€ğŸ‘¦,"man, boy, boy family"
ğŸ‘¨â€ğŸ‘§,"man, girl family"
ğŸ‘¨â€ğŸ‘§â€ğŸ‘¦,"man, girl, boy family"
ğŸ‘¨â€ğŸ‘§â€ğŸ‘§,"man, girl, girl family"
ğŸ‘©â€ğŸ‘¦,"woman, boy family"
ğŸ‘©â€ğŸ‘¦â€ğŸ‘¦,"woman, boy, boy family"
ğŸ‘©â€ğŸ‘§,"woman, girl family"
ğŸ‘©â€ğŸ‘§â€ğŸ‘¦,"woman, girl, boy family"
ğŸ‘©â€ğŸ‘§â€ğŸ‘§,"woman, girl, girl family"
ğŸ¤³,selfie
ğŸ¤³ğŸ»,light skin tone selfie
ğŸ¤³ğŸ¼,medium-light skin tone selfie
ğŸ¤³ğŸ½,medium skin tone selfie
ğŸ¤³ğŸ¾,medium-dark skin tone selfie
ğŸ¤³ğŸ¿,dark skin tone selfie
ğŸ’ª,flexed biceps
ğŸ’ªğŸ»,light skin tone flexed biceps
ğŸ’ªğŸ¼,medium-light skin tone flexed biceps
ğŸ’ªğŸ½,medium skin tone flexed biceps
ğŸ’ªğŸ¾,medium-dark skin tone flexed biceps
ğŸ’ªğŸ¿,dark skin tone flexed biceps
ğŸ‘ˆ,backhand index pointing left
ğŸ‘ˆğŸ»,light skin tone backhand index pointing left
ğŸ‘ˆğŸ¼,medium-light skin tone backhand index pointing left
ğŸ‘ˆğŸ½,medium skin tone backhand index pointing left
ğŸ‘ˆğŸ¾,medium-dark skin tone backhand index pointing left
ğŸ‘ˆğŸ¿,dark skin tone backhand index pointing left
ğŸ‘‰,backhand index pointing right
ğŸ‘‰ğŸ»,light skin tone backhand index pointing right
ğŸ‘‰ğŸ¼,medium-light skin tone backhand index pointing right
ğŸ‘‰ğŸ½,medium skin tone backhand index pointing right
ğŸ‘‰ğŸ¾,medium-dark skin tone backhand index pointing right
ğŸ‘‰ğŸ¿,dark skin tone backhand index pointing right
â˜,index pointing up
â˜ğŸ»,light skin tone index pointing up
â˜ğŸ¼,medium-light skin tone index pointing up
â˜ğŸ½,medium skin tone index pointing up
â˜ğŸ¾,medium-dark skin tone index pointing up
â˜ğŸ¿,dark skin tone index pointing up
ğŸ‘†,backhand index pointing up
ğŸ‘†ğŸ»,light skin tone backhand index pointing up
ğŸ‘†ğŸ¼,medium-light skin tone backhand index pointing up
ğŸ‘†ğŸ½,medium skin tone backhand index pointing up
ğŸ‘†ğŸ¾,medium-dark skin tone backhand index pointing up
ğŸ‘†ğŸ¿,dark skin tone backhand index pointing up
ğŸ–•,middle finger
ğŸ–•ğŸ»,light skin tone middle finger
ğŸ–•ğŸ¼,medium-light skin tone middle finger
ğŸ–•ğŸ½,medium skin tone middle finger
ğŸ–•ğŸ¾,medium-dark skin tone middle finger
ğŸ–•ğŸ¿,dark skin tone middle finger
ğŸ‘‡,backhand index pointing down
ğŸ‘‡ğŸ»,light skin tone backhand index pointing down
ğŸ‘‡ğŸ¼,medium-light skin tone backhand index pointing down
ğŸ‘‡ğŸ½,medium skin tone backhand index pointing down
ğŸ‘‡ğŸ¾,medium-dark skin tone backhand index pointing down
ğŸ‘‡ğŸ¿,dark skin tone backhand index pointing down
âœŒ,victory hand
âœŒğŸ»,light skin tone victory hand
âœŒğŸ¼,medium-light skin tone victory hand
âœŒğŸ½,medium skin tone victory hand
âœŒğŸ¾,medium-dark skin tone victory hand
âœŒğŸ¿,dark skin tone victory hand
ğŸ¤,crossed fingers
ğŸ¤ğŸ»,light skin tone crossed fingers
ğŸ¤ğŸ¼,medium-light skin tone crossed fingers
ğŸ¤ğŸ½,medium skin tone crossed fingers
ğŸ¤ğŸ¾,medium-dark skin tone crossed fingers
ğŸ¤ğŸ¿,dark skin tone crossed fingers
ğŸ––,vulcan salute
ğŸ––ğŸ»,light skin tone vulcan salute
ğŸ––ğŸ¼,medium-light skin tone vulcan salute
ğŸ––ğŸ½,medium skin tone vulcan salute
ğŸ––ğŸ¾,medium-dark skin tone vulcan salute
ğŸ––ğŸ¿,dark skin tone vulcan salute
ğŸ¤˜,sign of the horns
ğŸ¤˜ğŸ»,light skin tone sign of the horns
ğŸ¤˜ğŸ¼,medium-light skin tone sign of the horns
ğŸ¤˜ğŸ½,medium skin tone sign of the horns
ğŸ¤˜ğŸ¾,medium-dark skin tone sign of the horns
ğŸ¤˜ğŸ¿,dark skin tone sign of the horns
ğŸ¤™,call me hand
ğŸ¤™ğŸ»,light skin tone call me hand
ğŸ¤™ğŸ¼,medium-light skin tone call me hand
ğŸ¤™ğŸ½,medium skin tone call me hand
ğŸ¤™ğŸ¾,medium-dark skin tone call me hand
ğŸ¤™ğŸ¿,dark skin tone call me hand
ğŸ–,hand with fingers splayed
ğŸ–ğŸ»,light skin tone hand with fingers splayed
ğŸ–ğŸ¼,medium-light skin tone hand with fingers splayed
ğŸ–ğŸ½,medium skin tone hand with fingers splayed
ğŸ–ğŸ¾,medium-dark skin tone hand with fingers splayed
ğŸ–ğŸ¿,dark skin tone hand with fingers splayed
âœ‹,raised hand
âœ‹ğŸ»,light skin tone raised hand
âœ‹ğŸ¼,medium-light skin tone raised hand
âœ‹ğŸ½,medium skin tone raised hand
âœ‹ğŸ¾,medium-dark skin tone raised hand
âœ‹ğŸ¿,dark skin tone raised hand
ğŸ‘Œ,OK hand
ğŸ‘ŒğŸ»,light skin tone OK hand
ğŸ‘ŒğŸ¼,medium-light skin tone OK hand
ğŸ‘ŒğŸ½,medium skin tone OK hand
ğŸ‘ŒğŸ¾,medium-dark skin tone OK hand
ğŸ‘ŒğŸ¿,dark skin tone OK hand
ğŸ‘,thumbs up
ğŸ‘ğŸ»,light skin tone thumbs up
ğŸ‘ğŸ¼,medium-light skin tone thumbs up
ğŸ‘ğŸ½,medium skin tone thumbs up
ğŸ‘ğŸ¾,medium-dark skin tone thumbs up
ğŸ‘ğŸ¿,dark skin tone thumbs up
ğŸ‘,thumbs down
ğŸ‘ğŸ»,light skin tone thumbs down
ğŸ‘ğŸ¼,medium-light skin tone thumbs down
ğŸ‘ğŸ½,medium skin tone thumbs down
ğŸ‘ğŸ¾,medium-dark skin tone thumbs down
ğŸ‘ğŸ¿,dark skin tone thumbs down
âœŠ,raised fist
âœŠğŸ»,light skin tone raised fist
âœŠğŸ¼,medium-light skin tone raised fist
âœŠğŸ½,medium skin tone raised fist
âœŠğŸ¾,medium-dark skin tone raised fist
âœŠğŸ¿,dark skin tone raised fist
ğŸ‘Š,oncoming fist
ğŸ‘ŠğŸ»,light skin tone oncoming fist
ğŸ‘ŠğŸ¼,medium-light skin tone oncoming fist
ğŸ‘ŠğŸ½,medium skin tone oncoming fist
ğŸ‘ŠğŸ¾,medium-dark skin tone oncoming fist
ğŸ‘ŠğŸ¿,dark skin tone oncoming fist
ğŸ¤›,left-facing fist
ğŸ¤›ğŸ»,light skin tone left-facing fist
ğŸ¤›ğŸ¼,medium-light skin tone left-facing fist
ğŸ¤›ğŸ½,medium skin tone left-facing fist
ğŸ¤›ğŸ¾,medium-dark skin tone left-facing fist
ğŸ¤›ğŸ¿,dark skin tone left-facing fist
ğŸ¤œ,right-facing fist
ğŸ¤œğŸ»,light skin tone right-facing fist
ğŸ¤œğŸ¼,medium-light skin tone right-facing fist
ğŸ¤œğŸ½,medium skin tone right-facing fist
ğŸ¤œğŸ¾,medium-dark skin tone right-facing fist
ğŸ¤œğŸ¿,dark skin tone right-facing fist
ğŸ¤š,raised back of hand
ğŸ¤šğŸ»,light skin tone raised back of hand
ğŸ¤šğŸ¼,medium-light skin tone raised back of hand
ğŸ¤šğŸ½,medium skin tone raised back of hand
ğŸ¤šğŸ¾,medium-dark skin tone raised back of hand
ğŸ¤šğŸ¿,dark skin tone raised back of hand
ğŸ‘‹,waving hand
ğŸ‘‹ğŸ»,light skin tone waving hand
ğŸ‘‹ğŸ¼,medium-light skin tone waving hand
ğŸ‘‹ğŸ½,medium skin tone waving hand
ğŸ‘‹ğŸ¾,medium-dark skin tone waving hand
ğŸ‘‹ğŸ¿,dark skin tone waving hand
ğŸ¤Ÿ,love-you gesture
ğŸ¤ŸğŸ»,light skin tone love-you gesture
ğŸ¤ŸğŸ¼,medium-light skin tone love-you gesture
ğŸ¤ŸğŸ½,medium skin tone love-you gesture
ğŸ¤ŸğŸ¾,medium-dark skin tone love-you gesture
ğŸ¤ŸğŸ¿,dark skin tone love-you gesture
âœ,writing hand
âœğŸ»,light skin tone writing hand
âœğŸ¼,medium-light skin tone writing hand
âœğŸ½,medium skin tone writing hand
âœğŸ¾,medium-dark skin tone writing hand
âœğŸ¿,dark skin tone writing hand
ğŸ‘,clapping hands
ğŸ‘ğŸ»,light skin tone clapping hands
ğŸ‘ğŸ¼,medium-light skin tone clapping hands
ğŸ‘ğŸ½,medium skin tone clapping hands
ğŸ‘ğŸ¾,medium-dark skin tone clapping hands
ğŸ‘ğŸ¿,dark skin tone clapping hands
ğŸ‘,open hands
ğŸ‘ğŸ»,light skin tone open hands
ğŸ‘ğŸ¼,medium-light skin tone open hands
ğŸ‘ğŸ½,medium skin tone open hands
ğŸ‘ğŸ¾,medium-dark skin tone open hands
ğŸ‘ğŸ¿,dark skin tone open hands
ğŸ™Œ,raising hands
ğŸ™ŒğŸ»,light skin tone raising hands
ğŸ™ŒğŸ¼,medium-light skin tone raising hands
ğŸ™ŒğŸ½,medium skin tone raising hands
ğŸ™ŒğŸ¾,medium-dark skin tone raising hands
ğŸ™ŒğŸ¿,dark skin tone raising hands
ğŸ¤²,palms up together
ğŸ¤²ğŸ»,light skin tone palms up together
ğŸ¤²ğŸ¼,medium-light skin tone palms up together
ğŸ¤²ğŸ½,medium skin tone palms up together
ğŸ¤²ğŸ¾,medium-dark skin tone palms up together
ğŸ¤²ğŸ¿,dark skin tone palms up together
ğŸ™,folded hands
ğŸ™ğŸ»,light skin tone folded hands
ğŸ™ğŸ¼,medium-light skin tone folded hands
ğŸ™ğŸ½,medium skin tone folded hands
ğŸ™ğŸ¾,medium-dark skin tone folded hands
ğŸ™ğŸ¿,dark skin tone folded hands
ğŸ¤,handshake
ğŸ’…,nail polish
ğŸ’…ğŸ»,light skin tone nail polish
ğŸ’…ğŸ¼,medium-light skin tone nail polish
ğŸ’…ğŸ½,medium skin tone nail polish
ğŸ’…ğŸ¾,medium-dark skin tone nail polish
ğŸ’…ğŸ¿,dark skin tone nail polish
ğŸ‘‚,ear
ğŸ‘‚ğŸ»,light skin tone ear
ğŸ‘‚ğŸ¼,medium-light skin tone ear
ğŸ‘‚ğŸ½,medium skin tone ear
ğŸ‘‚ğŸ¾,medium-dark skin tone ear
ğŸ‘‚ğŸ¿,dark skin tone ear
ğŸ‘ƒ,nose
ğŸ‘ƒğŸ»,light skin tone nose
ğŸ‘ƒğŸ¼,medium-light skin tone nose
ğŸ‘ƒğŸ½,medium skin tone nose
ğŸ‘ƒğŸ¾,medium-dark skin tone nose
ğŸ‘ƒğŸ¿,dark skin tone nose
ğŸ‘£,footprints
ğŸ‘€,eyes
ğŸ‘,eye
ğŸ‘ï¸â€ğŸ—¨ï¸,eye in speech bubble
ğŸ§ ,brain
ğŸ‘…,tongue
ğŸ‘„,mouth
ğŸ’‹,kiss mark
ğŸ’˜,heart with arrow
â¤,red heart
ğŸ’“,beating heart
ğŸ’”,broken heart
ğŸ’•,two hearts
ğŸ’–,sparkling heart
ğŸ’—,growing heart
ğŸ’™,blue heart
ğŸ’š,green heart
ğŸ’›,yellow heart
ğŸ§¡,orange heart
ğŸ’œ,purple heart
ğŸ–¤,black heart
ğŸ’,heart with ribbon
ğŸ’,revolving hearts
ğŸ’Ÿ,heart decoration
â£,heavy heart exclamation
ğŸ’Œ,love letter
ğŸ’¤,zzz
ğŸ’¢,anger symbol
ğŸ’£,bomb
ğŸ’¥,collision
ğŸ’¦,sweat droplets
ğŸ’¨,dashing away
ğŸ’«,dizzy
ğŸ’¬,speech balloon
ğŸ—¨,left speech bubble
ğŸ—¯,right anger bubble
ğŸ’­,thought balloon
ğŸ•³,hole
ğŸ‘“,glasses
ğŸ•¶,sunglasses
ğŸ‘”,necktie
ğŸ‘•,t-shirt
ğŸ‘–,jeans
ğŸ§£,scarf
ğŸ§¤,gloves
ğŸ§¥,coat
ğŸ§¦,socks
ğŸ‘—,dress
ğŸ‘˜,kimono
ğŸ‘™,bikini
ğŸ‘š,womanâ€™s clothes
ğŸ‘›,purse
ğŸ‘œ,handbag
ğŸ‘,clutch bag
ğŸ›,shopping bags
ğŸ’,school backpack
ğŸ‘,manâ€™s shoe
ğŸ‘Ÿ,running shoe
ğŸ‘ ,high-heeled shoe
ğŸ‘¡,womanâ€™s sandal
ğŸ‘¢,womanâ€™s boot
ğŸ‘‘,crown
ğŸ‘’,womanâ€™s hat
ğŸ©,top hat
ğŸ“,graduation cap
ğŸ§¢,billed cap
â›‘,rescue workerâ€™s helmet
ğŸ“¿,prayer beads
ğŸ’„,lipstick
ğŸ’,ring
ğŸ’,gem stone
ğŸµ,monkey face
ğŸ’,monkey
ğŸ¦,gorilla
ğŸ¶,dog face
ğŸ•,dog
ğŸ©,poodle
ğŸº,wolf face
ğŸ¦Š,fox face
ğŸ±,cat face
ğŸˆ,cat
ğŸ¦,lion face
ğŸ¯,tiger face
ğŸ…,tiger
ğŸ†,leopard
ğŸ´,horse face
ğŸ,horse
ğŸ¦„,unicorn face
ğŸ¦“,zebra
ğŸ¦Œ,deer
ğŸ®,cow face
ğŸ‚,ox
ğŸƒ,water buffalo
ğŸ„,cow
ğŸ·,pig face
ğŸ–,pig
ğŸ—,boar
ğŸ½,pig nose
ğŸ,ram
ğŸ‘,ewe
ğŸ,goat
ğŸª,camel
ğŸ«,two-hump camel
ğŸ¦’,giraffe
ğŸ˜,elephant
ğŸ¦,rhinoceros
ğŸ­,mouse face
ğŸ,mouse
ğŸ€,rat
ğŸ¹,hamster face
ğŸ°,rabbit face
ğŸ‡,rabbit
ğŸ¿,chipmunk
ğŸ¦”,hedgehog
ğŸ¦‡,bat
ğŸ»,bear face
ğŸ¨,koala
ğŸ¼,panda face
ğŸ¾,paw prints
ğŸ¦ƒ,turkey
ğŸ”,chicken
ğŸ“,rooster
ğŸ£,hatching chick
ğŸ¤,baby chick
ğŸ¥,front-facing baby chick
ğŸ¦,bird
ğŸ§,penguin
ğŸ•Š,dove
ğŸ¦…,eagle
ğŸ¦†,duck
ğŸ¦‰,owl
ğŸ¸,frog face
ğŸŠ,crocodile
ğŸ¢,turtle
ğŸ¦,lizard
ğŸ,snake
ğŸ²,dragon face
ğŸ‰,dragon
ğŸ¦•,sauropod
ğŸ¦–,T-Rex
ğŸ³,spouting whale
ğŸ‹,whale
ğŸ¬,dolphin
ğŸŸ,fish
ğŸ ,tropical fish
ğŸ¡,blowfish
ğŸ¦ˆ,shark
ğŸ™,octopus
ğŸš,spiral shell
ğŸ¦€,crab
ğŸ¦,shrimp
ğŸ¦‘,squid
ğŸŒ,snail
ğŸ¦‹,butterfly
ğŸ›,bug
ğŸœ,ant
ğŸ,honeybee
ğŸ,lady beetle
ğŸ¦—,cricket
ğŸ•·,spider
ğŸ•¸,spider web
ğŸ¦‚,scorpion
ğŸ’,bouquet
ğŸŒ¸,cherry blossom
ğŸ’®,white flower
ğŸµ,rosette
ğŸŒ¹,rose
ğŸ¥€,wilted flower
ğŸŒº,hibiscus
ğŸŒ»,sunflower
ğŸŒ¼,blossom
ğŸŒ·,tulip
ğŸŒ±,seedling
ğŸŒ²,evergreen tree
ğŸŒ³,deciduous tree
ğŸŒ´,palm tree
ğŸŒµ,cactus
ğŸŒ¾,sheaf of rice
ğŸŒ¿,herb
â˜˜,shamrock
ğŸ€,four leaf clover
ğŸ,maple leaf
ğŸ‚,fallen leaf
ğŸƒ,leaf fluttering in wind
ğŸ‡,grapes
ğŸˆ,melon
ğŸ‰,watermelon
ğŸŠ,tangerine
ğŸ‹,lemon
ğŸŒ,banana
ğŸ,pineapple
ğŸ,red apple
ğŸ,green apple
ğŸ,pear
ğŸ‘,peach
ğŸ’,cherries
ğŸ“,strawberry
ğŸ¥,kiwi fruit
ğŸ…,tomato
ğŸ¥¥,coconut
ğŸ¥‘,avocado
ğŸ†,eggplant
ğŸ¥”,potato
ğŸ¥•,carrot
ğŸŒ½,ear of corn
ğŸŒ¶,hot pepper
ğŸ¥’,cucumber
ğŸ¥¦,broccoli
ğŸ„,mushroom
ğŸ¥œ,peanuts
ğŸŒ°,chestnut
ğŸ,bread
ğŸ¥,croissant
ğŸ¥–,baguette bread
ğŸ¥¨,pretzel
ğŸ¥,pancakes
ğŸ§€,cheese wedge
ğŸ–,meat on bone
ğŸ—,poultry leg
ğŸ¥©,cut of meat
ğŸ¥“,bacon
ğŸ”,hamburger
ğŸŸ,french fries
ğŸ•,pizza
ğŸŒ­,hot dog
ğŸ¥ª,sandwich
ğŸŒ®,taco
ğŸŒ¯,burrito
ğŸ¥™,stuffed flatbread
ğŸ¥š,egg
ğŸ³,cooking
ğŸ¥˜,shallow pan of food
ğŸ²,pot of food
ğŸ¥£,bowl with spoon
ğŸ¥—,green salad
ğŸ¿,popcorn
ğŸ¥«,canned food
ğŸ±,bento box
ğŸ˜,rice cracker
ğŸ™,rice ball
ğŸš,cooked rice
ğŸ›,curry rice
ğŸœ,steaming bowl
ğŸ,spaghetti
ğŸ ,roasted sweet potato
ğŸ¢,oden
ğŸ£,sushi
ğŸ¤,fried shrimp
ğŸ¥,fish cake with swirl
ğŸ¡,dango
ğŸ¥Ÿ,dumpling
ğŸ¥ ,fortune cookie
ğŸ¥¡,takeout box
ğŸ¦,soft ice cream
ğŸ§,shaved ice
ğŸ¨,ice cream
ğŸ©,doughnut
ğŸª,cookie
ğŸ‚,birthday cake
ğŸ°,shortcake
ğŸ¥§,pie
ğŸ«,chocolate bar
ğŸ¬,candy
ğŸ­,lollipop
ğŸ®,custard
ğŸ¯,honey pot
ğŸ¼,baby bottle
ğŸ¥›,glass of milk
â˜•,hot beverage
ğŸµ,teacup without handle
ğŸ¶,sake
ğŸ¾,bottle with popping cork
ğŸ·,wine glass
ğŸ¸,cocktail glass
ğŸ¹,tropical drink
ğŸº,beer mug
ğŸ»,clinking beer mugs
ğŸ¥‚,clinking glasses
ğŸ¥ƒ,tumbler glass
ğŸ¥¤,cup with straw
ğŸ¥¢,chopsticks
ğŸ½,fork and knife with plate
ğŸ´,fork and knife
ğŸ¥„,spoon
ğŸ”ª,kitchen knife
ğŸº,amphora
ğŸŒ,globe showing Europe-Africa
ğŸŒ,globe showing Americas
ğŸŒ,globe showing Asia-Australia
ğŸŒ,globe with meridians
ğŸ—º,world map
ğŸ—¾,map of Japan
ğŸ”,snow-capped mountain
â›°,mountain
ğŸŒ‹,volcano
ğŸ—»,mount fuji
ğŸ•,camping
ğŸ–,beach with umbrella
ğŸœ,desert
ğŸ,desert island
ğŸ,national park
ğŸŸ,stadium
ğŸ›,classical building
ğŸ—,building construction
ğŸ˜,houses
ğŸ™,cityscape
ğŸš,derelict house
ğŸ ,house
ğŸ¡,house with garden
ğŸ¢,office building
ğŸ£,Japanese post office
ğŸ¤,post office
ğŸ¥,hospital
ğŸ¦,bank
ğŸ¨,hotel
ğŸ©,love hotel
ğŸª,convenience store
ğŸ«,school
ğŸ¬,department store
ğŸ­,factory
ğŸ¯,Japanese castle
ğŸ°,castle
ğŸ’’,wedding
ğŸ—¼,Tokyo tower
ğŸ—½,Statue of Liberty
â›ª,church
ğŸ•Œ,mosque
ğŸ•,synagogue
â›©,shinto shrine
ğŸ•‹,kaaba
â›²,fountain
â›º,tent
ğŸŒ,foggy
ğŸŒƒ,night with stars
ğŸŒ„,sunrise over mountains
ğŸŒ…,sunrise
ğŸŒ†,cityscape at dusk
ğŸŒ‡,sunset
ğŸŒ‰,bridge at night
â™¨,hot springs
ğŸŒŒ,milky way
ğŸ ,carousel horse
ğŸ¡,ferris wheel
ğŸ¢,roller coaster
ğŸ’ˆ,barber pole
ğŸª,circus tent
ğŸ­,performing arts
ğŸ–¼,framed picture
ğŸ¨,artist palette
ğŸ°,slot machine
ğŸš‚,locomotive
ğŸšƒ,railway car
ğŸš„,high-speed train
ğŸš…,bullet train
ğŸš†,train
ğŸš‡,metro
ğŸšˆ,light rail
ğŸš‰,station
ğŸšŠ,tram
ğŸš,monorail
ğŸš,mountain railway
ğŸš‹,tram car
ğŸšŒ,bus
ğŸš,oncoming bus
ğŸš,trolleybus
ğŸš,minibus
ğŸš‘,ambulance
ğŸš’,fire engine
ğŸš“,police car
ğŸš”,oncoming police car
ğŸš•,taxi
ğŸš–,oncoming taxi
ğŸš—,automobile
ğŸš˜,oncoming automobile
ğŸš™,sport utility vehicle
ğŸšš,delivery truck
ğŸš›,articulated lorry
ğŸšœ,tractor
ğŸš²,bicycle
ğŸ›´,kick scooter
ğŸ›µ,motor scooter
ğŸš,bus stop
ğŸ›£,motorway
ğŸ›¤,railway track
â›½,fuel pump
ğŸš¨,police car light
ğŸš¥,horizontal traffic light
ğŸš¦,vertical traffic light
ğŸš§,construction
ğŸ›‘,stop sign
âš“,anchor
â›µ,sailboat
ğŸ›¶,canoe
ğŸš¤,speedboat
ğŸ›³,passenger ship
â›´,ferry
ğŸ›¥,motor boat
ğŸš¢,ship
âœˆ,airplane
ğŸ›©,small airplane
ğŸ›«,airplane departure
ğŸ›¬,airplane arrival
ğŸ’º,seat
ğŸš,helicopter
ğŸšŸ,suspension railway
ğŸš ,mountain cableway
ğŸš¡,aerial tramway
ğŸ›°,satellite
ğŸš€,rocket
ğŸ›¸,flying saucer
ğŸ›,bellhop bell
ğŸšª,door
ğŸ›,bed
ğŸ›‹,couch and lamp
ğŸš½,toilet
ğŸš¿,shower
ğŸ›,bathtub
âŒ›,hourglass done
â³,hourglass not done
âŒš,watch
â°,alarm clock
â±,stopwatch
â²,timer clock
ğŸ•°,mantelpiece clock
ğŸ•›,twelve oâ€™clock
ğŸ•§,twelve-thirty
ğŸ•,one oâ€™clock
ğŸ•œ,one-thirty
ğŸ•‘,two oâ€™clock
ğŸ•,two-thirty
ğŸ•’,three oâ€™clock
ğŸ•,three-thirty
ğŸ•“,four oâ€™clock
ğŸ•Ÿ,four-thirty
ğŸ•”,five oâ€™clock
ğŸ• ,five-thirty
ğŸ••,six oâ€™clock
ğŸ•¡,six-thirty
ğŸ•–,seven oâ€™clock
ğŸ•¢,seven-thirty
ğŸ•—,eight oâ€™clock
ğŸ•£,eight-thirty
ğŸ•˜,nine oâ€™clock
ğŸ•¤,nine-thirty
ğŸ•™,ten oâ€™clock
ğŸ•¥,ten-thirty
ğŸ•š,eleven oâ€™clock
ğŸ•¦,eleven-thirty
ğŸŒ‘,new moon
ğŸŒ’,waxing crescent moon
ğŸŒ“,first quarter moon
ğŸŒ”,waxing gibbous moon
ğŸŒ•,full moon
ğŸŒ–,waning gibbous moon
ğŸŒ—,last quarter moon
ğŸŒ˜,waning crescent moon
ğŸŒ™,crescent moon
ğŸŒš,new moon face
ğŸŒ›,first quarter moon face
ğŸŒœ,last quarter moon face
ğŸŒ¡,thermometer
â˜€,sun
ğŸŒ,full moon face
ğŸŒ,sun with face
â­,white medium star
ğŸŒŸ,glowing star
ğŸŒ ,shooting star
â˜,cloud
â›…,sun behind cloud
â›ˆ,cloud with lightning and rain
ğŸŒ¤,sun behind small cloud
ğŸŒ¥,sun behind large cloud
ğŸŒ¦,sun behind rain cloud
ğŸŒ§,cloud with rain
ğŸŒ¨,cloud with snow
ğŸŒ©,cloud with lightning
ğŸŒª,tornado
ğŸŒ«,fog
ğŸŒ¬,wind face
ğŸŒ€,cyclone
ğŸŒˆ,rainbow
ğŸŒ‚,closed umbrella
â˜‚,umbrella
â˜”,umbrella with rain drops
â›±,umbrella on ground
âš¡,high voltage
â„,snowflake
â˜ƒ,snowman
â›„,snowman without snow
â˜„,comet
ğŸ”¥,fire
ğŸ’§,droplet
ğŸŒŠ,water wave
ğŸƒ,jack-o-lantern
ğŸ„,Christmas tree
ğŸ†,fireworks
ğŸ‡,sparkler
âœ¨,sparkles
ğŸˆ,balloon
ğŸ‰,party popper
ğŸŠ,confetti ball
ğŸ‹,tanabata tree
ğŸ,pine decoration
ğŸ,Japanese dolls
ğŸ,carp streamer
ğŸ,wind chime
ğŸ‘,moon viewing ceremony
ğŸ€,ribbon
ğŸ,wrapped gift
ğŸ—,reminder ribbon
ğŸŸ,admission tickets
ğŸ«,ticket
ğŸ–,military medal
ğŸ†,trophy
ğŸ…,sports medal
ğŸ¥‡,1st place medal
ğŸ¥ˆ,2nd place medal
ğŸ¥‰,3rd place medal
âš½,soccer ball
âš¾,baseball
ğŸ€,basketball
ğŸ,volleyball
ğŸˆ,american football
ğŸ‰,rugby football
ğŸ¾,tennis
ğŸ±,pool 8 ball
ğŸ³,bowling
ğŸ,cricket game
ğŸ‘,field hockey
ğŸ’,ice hockey
ğŸ“,ping pong
ğŸ¸,badminton
ğŸ¥Š,boxing glove
ğŸ¥‹,martial arts uniform
ğŸ¥…,goal net
ğŸ¯,direct hit
â›³,flag in hole
â›¸,ice skate
ğŸ£,fishing pole
ğŸ½,running shirt
ğŸ¿,skis
ğŸ›·,sled
ğŸ¥Œ,curling stone
ğŸ®,video game
ğŸ•¹,joystick
ğŸ²,game die
â™ ,spade suit
â™¥,heart suit
â™¦,diamond suit
â™£,club suit
ğŸƒ,joker
ğŸ€„,mahjong red dragon
ğŸ´,flower playing cards
ğŸ”‡,muted speaker
ğŸ”ˆ,speaker low volume
ğŸ”‰,speaker medium volume
ğŸ”Š,speaker high volume
ğŸ“¢,loudspeaker
ğŸ“£,megaphone
ğŸ“¯,postal horn
ğŸ””,bell
ğŸ”•,bell with slash
ğŸ¼,musical score
ğŸµ,musical note
ğŸ¶,musical notes
ğŸ™,studio microphone
ğŸš,level slider
ğŸ›,control knobs
ğŸ¤,microphone
ğŸ§,headphone
ğŸ“»,radio
ğŸ·,saxophone
ğŸ¸,guitar
ğŸ¹,musical keyboard
ğŸº,trumpet
ğŸ»,violin
ğŸ¥,drum
ğŸ“±,mobile phone
ğŸ“²,mobile phone with arrow
â˜,telephone
ğŸ“,telephone receiver
ğŸ“Ÿ,pager
ğŸ“ ,fax machine
ğŸ”‹,battery
ğŸ”Œ,electric plug
ğŸ’»,laptop computer
ğŸ–¥,desktop computer
ğŸ–¨,printer
âŒ¨,keyboard
ğŸ–±,computer mouse
ğŸ–²,trackball
ğŸ’½,computer disk
ğŸ’¾,floppy disk
ğŸ’¿,optical disk
ğŸ“€,dvd
ğŸ¥,movie camera
ğŸ,film frames
ğŸ“½,film projector
ğŸ¬,clapper board
ğŸ“º,television
ğŸ“·,camera
ğŸ“¸,camera with flash
ğŸ“¹,video camera
ğŸ“¼,videocassette
ğŸ”,magnifying glass tilted left
ğŸ”,magnifying glass tilted right
ğŸ”¬,microscope
ğŸ”­,telescope
ğŸ“¡,satellite antenna
ğŸ•¯,candle
ğŸ’¡,light bulb
ğŸ”¦,flashlight
ğŸ®,red paper lantern
ğŸ“”,notebook with decorative cover
ğŸ“•,closed book
ğŸ“–,open book
ğŸ“—,green book
ğŸ“˜,blue book
ğŸ“™,orange book
ğŸ“š,books
ğŸ““,notebook
ğŸ“’,ledger
ğŸ“ƒ,page with curl
ğŸ“œ,scroll
ğŸ“„,page facing up
ğŸ“°,newspaper
ğŸ—,rolled-up newspaper
ğŸ“‘,bookmark tabs
ğŸ”–,bookmark
ğŸ·,label
ğŸ’°,money bag
ğŸ’´,yen banknote
ğŸ’µ,dollar banknote
ğŸ’¶,euro banknote
ğŸ’·,pound banknote
ğŸ’¸,money with wings
ğŸ’³,credit card
ğŸ’¹,chart increasing with yen
ğŸ’±,currency exchange
ğŸ’²,heavy dollar sign
âœ‰,envelope
ğŸ“§,e-mail
ğŸ“¨,incoming envelope
ğŸ“©,envelope with arrow
ğŸ“¤,outbox tray
ğŸ“¥,inbox tray
ğŸ“¦,package
ğŸ“«,closed mailbox with raised flag
ğŸ“ª,closed mailbox with lowered flag
ğŸ“¬,open mailbox with raised flag
ğŸ“­,open mailbox with lowered flag
ğŸ“®,postbox
ğŸ—³,ballot box with ballot
âœ,pencil
âœ’,black nib
ğŸ–‹,fountain pen
ğŸ–Š,pen
ğŸ–Œ,paintbrush
ğŸ–,crayon
ğŸ“,memo
ğŸ’¼,briefcase
ğŸ“,file folder
ğŸ“‚,open file folder
ğŸ—‚,card index dividers
ğŸ“…,calendar
ğŸ“†,tear-off calendar
ğŸ—’,spiral notepad
ğŸ—“,spiral calendar
ğŸ“‡,card index
ğŸ“ˆ,chart increasing
ğŸ“‰,chart decreasing
ğŸ“Š,bar chart
ğŸ“‹,clipboard
ğŸ“Œ,pushpin
ğŸ“,round pushpin
ğŸ“,paperclip
ğŸ–‡,linked paperclips
ğŸ“,straight ruler
ğŸ“,triangular ruler
âœ‚,scissors
ğŸ—ƒ,card file box
ğŸ—„,file cabinet
ğŸ—‘,wastebasket
ğŸ”’,locked
ğŸ”“,unlocked
ğŸ”,locked with pen
ğŸ”,locked with key
ğŸ”‘,key
ğŸ—,old key
ğŸ”¨,hammer
â›,pick
âš’,hammer and pick
ğŸ› ,hammer and wrench
ğŸ—¡,dagger
âš”,crossed swords
ğŸ”«,pistol
ğŸ¹,bow and arrow
ğŸ›¡,shield
ğŸ”§,wrench
ğŸ”©,nut and bolt
âš™,gear
ğŸ—œ,clamp
âš—,alembic
âš–,balance scale
ğŸ”—,link
â›“,chains
ğŸ’‰,syringe
ğŸ’Š,pill
ğŸš¬,cigarette
âš°,coffin
âš±,funeral urn
ğŸ—¿,moai
ğŸ›¢,oil drum
ğŸ”®,crystal ball
ğŸ›’,shopping cart
ğŸ§,ATM sign
ğŸš®,litter in bin sign
ğŸš°,potable water
â™¿,wheelchair symbol
ğŸš¹,menâ€™s room
ğŸšº,womenâ€™s room
ğŸš»,restroom
ğŸš¼,baby symbol
ğŸš¾,water closet
ğŸ›‚,passport control
ğŸ›ƒ,customs
ğŸ›„,baggage claim
ğŸ›…,left luggage
âš ,warning
ğŸš¸,children crossing
â›”,no entry
ğŸš«,prohibited
ğŸš³,no bicycles
ğŸš­,no smoking
ğŸš¯,no littering
ğŸš±,non-potable water
ğŸš·,no pedestrians
ğŸ“µ,no mobile phones
ğŸ”,no one under eighteen
â˜¢,radioactive
â˜£,biohazard
â¬†,up arrow
â†—,up-right arrow
â¡,right arrow
â†˜,down-right arrow
â¬‡,down arrow
â†™,down-left arrow
â¬…,left arrow
â†–,up-left arrow
â†•,up-down arrow
â†”,left-right arrow
â†©,right arrow curving left
â†ª,left arrow curving right
â¤´,right arrow curving up
â¤µ,right arrow curving down
ğŸ”ƒ,clockwise vertical arrows
ğŸ”„,counterclockwise arrows button
ğŸ”™,BACK arrow
ğŸ”š,END arrow
ğŸ”›,ON! arrow
ğŸ”œ,SOON arrow
ğŸ”,TOP arrow
ğŸ›,place of worship
âš›,atom symbol
ğŸ•‰,om
âœ¡,star of David
â˜¸,wheel of dharma
â˜¯,yin yang
âœ,latin cross
â˜¦,orthodox cross
â˜ª,star and crescent
â˜®,peace symbol
ğŸ•,menorah
ğŸ”¯,dotted six-pointed star
â™ˆ,Aries
â™‰,Taurus
â™Š,Gemini
â™‹,Cancer
â™Œ,Leo
â™,Virgo
â™,Libra
â™,Scorpius
â™,Sagittarius
â™‘,Capricorn
â™’,Aquarius
â™“,Pisces
â›,Ophiuchus
ğŸ”€,shuffle tracks button
ğŸ”,repeat button
ğŸ”‚,repeat single button
â–¶,play button
â©,fast-forward button
â­,next track button
â¯,play or pause button
â—€,reverse button
âª,fast reverse button
â®,last track button
ğŸ”¼,up button
â«,fast up button
ğŸ”½,down button
â¬,fast down button
â¸,pause button
â¹,stop button
âº,record button
â,eject button
ğŸ¦,cinema
ğŸ”…,dim button
ğŸ”†,bright button
ğŸ“¶,antenna bars
ğŸ“³,vibration mode
ğŸ“´,mobile phone off
â™€,female sign
â™‚,male sign
âš•,medical symbol
â™»,recycling symbol
âšœ,fleur-de-lis
ğŸ”±,trident emblem
ğŸ“›,name badge
ğŸ”°,Japanese symbol for beginner
â­•,heavy large circle
âœ…,white heavy check mark
â˜‘,ballot box with check
âœ”,heavy check mark
âœ–,heavy multiplication x
âŒ,cross mark
â,cross mark button
â•,heavy plus sign
â–,heavy minus sign
â—,heavy division sign
â°,curly loop
â¿,double curly loop
ã€½,part alternation mark
âœ³,eight-spoked asterisk
âœ´,eight-pointed star
â‡,sparkle
â€¼,double exclamation mark
â‰,exclamation question mark
â“,question mark
â”,white question mark
â•,white exclamation mark
â—,exclamation mark
ã€°,wavy dash
Â©,copyright
Â®,registered
â„¢,trade mark
#ï¸âƒ£,# keycap
*ï¸âƒ£,* keycap
0ï¸âƒ£,0 keycap
1ï¸âƒ£,1 keycap
2ï¸âƒ£,2 keycap
3ï¸âƒ£,3 keycap
4ï¸âƒ£,4 keycap
5ï¸âƒ£,5 keycap
6ï¸âƒ£,6 keycap
7ï¸âƒ£,7 keycap
8ï¸âƒ£,8 keycap
9ï¸âƒ£,9 keycap
ğŸ”Ÿ,keycap 10
ğŸ’¯,hundred points
ğŸ” ,input latin uppercase
ğŸ”¡,input latin lowercase
ğŸ”¢,input numbers
ğŸ”£,input symbols
ğŸ”¤,input latin letters
ğŸ…°,A button (blood type)
ğŸ†,AB button (blood type)
ğŸ…±,B button (blood type)
ğŸ†‘,CL button
ğŸ†’,COOL button
ğŸ†“,FREE button
â„¹,information
ğŸ†”,ID button
â“‚,circled M
ğŸ†•,NEW button
ğŸ†–,NG button
ğŸ…¾,O button (blood type)
ğŸ†—,OK button
ğŸ…¿,P button
ğŸ†˜,SOS button
ğŸ†™,UP! button
ğŸ†š,VS button
ğŸˆ,Japanese â€œhereâ€ button
ğŸˆ‚,Japanese â€œservice chargeâ€ button
ğŸˆ·,Japanese â€œmonthly amountâ€ button
ğŸˆ¶,Japanese â€œnot free of chargeâ€ button
ğŸˆ¯,Japanese â€œreservedâ€ button
ğŸ‰,Japanese â€œbargainâ€ button
ğŸˆ¹,Japanese â€œdiscountâ€ button
ğŸˆš,Japanese â€œfree of chargeâ€ button
ğŸˆ²,Japanese â€œprohibitedâ€ button
ğŸ‰‘,Japanese â€œacceptableâ€ button
ğŸˆ¸,Japanese â€œapplicationâ€ button
ğŸˆ´,Japanese â€œpassing gradeâ€ button
ğŸˆ³,Japanese â€œvacancyâ€ button
ãŠ—,Japanese â€œcongratulationsâ€ button
ãŠ™,Japanese â€œsecretâ€ button
ğŸˆº,Japanese â€œopen for businessâ€ button
ğŸˆµ,Japanese â€œno vacancyâ€ button
â–ª,black small square
â–«,white small square
â—»,white medium square
â—¼,black medium square
â—½,white medium-small square
â—¾,black medium-small square
â¬›,black large square
â¬œ,white large square
ğŸ”¶,large orange diamond
ğŸ”·,large blue diamond
ğŸ”¸,small orange diamond
ğŸ”¹,small blue diamond
ğŸ”º,red triangle pointed up
ğŸ”»,red triangle pointed down
ğŸ’ ,diamond with a dot
ğŸ”˜,radio button
ğŸ”²,black square button
ğŸ”³,white square button
âšª,white circle
âš«,black circle
ğŸ”´,red circle
ğŸ”µ,blue circle
ğŸ,chequered flag
ğŸš©,triangular flag
ğŸŒ,crossed flags
ğŸ´,black flag
ğŸ³,white flag
ğŸ³ï¸â€ğŸŒˆ,rainbow flag
ğŸ‡¦ğŸ‡¨,Ascension Island
ğŸ‡¦ğŸ‡©,Andorra
ğŸ‡¦ğŸ‡ª,United Arab Emirates
ğŸ‡¦ğŸ‡«,Afghanistan
ğŸ‡¦ğŸ‡¬,Antigua & Barbuda
ğŸ‡¦ğŸ‡®,Anguilla
ğŸ‡¦ğŸ‡±,Albania
ğŸ‡¦ğŸ‡²,Armenia
ğŸ‡¦ğŸ‡´,Angola
ğŸ‡¦ğŸ‡¶,Antarctica
ğŸ‡¦ğŸ‡·,Argentina
ğŸ‡¦ğŸ‡¸,American Samoa
ğŸ‡¦ğŸ‡¹,Austria
ğŸ‡¦ğŸ‡º,Australia
ğŸ‡¦ğŸ‡¼,Aruba
ğŸ‡¦ğŸ‡½,Ã…land Islands
ğŸ‡¦ğŸ‡¿,Azerbaijan
ğŸ‡§ğŸ‡¦,Bosnia & Herzegovina
ğŸ‡§ğŸ‡§,Barbados
ğŸ‡§ğŸ‡©,Bangladesh
ğŸ‡§ğŸ‡ª,Belgium
ğŸ‡§ğŸ‡«,Burkina Faso
ğŸ‡§ğŸ‡¬,Bulgaria
ğŸ‡§ğŸ‡­,Bahrain
ğŸ‡§ğŸ‡®,Burundi
ğŸ‡§ğŸ‡¯,Benin
ğŸ‡§ğŸ‡±,St. BarthÃ©lemy
ğŸ‡§ğŸ‡²,Bermuda
ğŸ‡§ğŸ‡³,Brunei
ğŸ‡§ğŸ‡´,Bolivia
ğŸ‡§ğŸ‡¶,Caribbean Netherlands
ğŸ‡§ğŸ‡·,Brazil
ğŸ‡§ğŸ‡¸,Bahamas
ğŸ‡§ğŸ‡¹,Bhutan
ğŸ‡§ğŸ‡»,Bouvet Island
ğŸ‡§ğŸ‡¼,Botswana
ğŸ‡§ğŸ‡¾,Belarus
ğŸ‡§ğŸ‡¿,Belize
ğŸ‡¨ğŸ‡¦,Canada
ğŸ‡¨ğŸ‡¨,Cocos (Keeling) Islands
ğŸ‡¨ğŸ‡©,Congo - Kinshasa
ğŸ‡¨ğŸ‡«,Central African Republic
ğŸ‡¨ğŸ‡¬,Congo - Brazzaville
ğŸ‡¨ğŸ‡­,Switzerland
ğŸ‡¨ğŸ‡®,CÃ´te dâ€™Ivoire
ğŸ‡¨ğŸ‡°,Cook Islands
ğŸ‡¨ğŸ‡±,Chile
ğŸ‡¨ğŸ‡²,Cameroon
ğŸ‡¨ğŸ‡³,China
ğŸ‡¨ğŸ‡´,Colombia
ğŸ‡¨ğŸ‡µ,Clipperton Island
ğŸ‡¨ğŸ‡·,Costa Rica
ğŸ‡¨ğŸ‡º,Cuba
ğŸ‡¨ğŸ‡»,Cape Verde
ğŸ‡¨ğŸ‡¼,CuraÃ§ao
ğŸ‡¨ğŸ‡½,Christmas Island
ğŸ‡¨ğŸ‡¾,Cyprus
ğŸ‡¨ğŸ‡¿,Czechia
ğŸ‡©ğŸ‡ª,Germany
ğŸ‡©ğŸ‡¬,Diego Garcia
ğŸ‡©ğŸ‡¯,Djibouti
ğŸ‡©ğŸ‡°,Denmark
ğŸ‡©ğŸ‡²,Dominica
ğŸ‡©ğŸ‡´,Dominican Republic
ğŸ‡©ğŸ‡¿,Algeria
ğŸ‡ªğŸ‡¦,Ceuta & Melilla
ğŸ‡ªğŸ‡¨,Ecuador
ğŸ‡ªğŸ‡ª,Estonia
ğŸ‡ªğŸ‡¬,Egypt
ğŸ‡ªğŸ‡­,Western Sahara
ğŸ‡ªğŸ‡·,Eritrea
ğŸ‡ªğŸ‡¸,Spain
ğŸ‡ªğŸ‡¹,Ethiopia
ğŸ‡ªğŸ‡º,European Union
ğŸ‡«ğŸ‡®,Finland
ğŸ‡«ğŸ‡¯,Fiji
ğŸ‡«ğŸ‡°,Falkland Islands
ğŸ‡«ğŸ‡²,Micronesia
ğŸ‡«ğŸ‡´,Faroe Islands
ğŸ‡«ğŸ‡·,France
ğŸ‡¬ğŸ‡¦,Gabon
ğŸ‡¬ğŸ‡§,United Kingdom
ğŸ‡¬ğŸ‡©,Grenada
ğŸ‡¬ğŸ‡ª,Georgia
ğŸ‡¬ğŸ‡«,French Guiana
ğŸ‡¬ğŸ‡¬,Guernsey
ğŸ‡¬ğŸ‡­,Ghana
ğŸ‡¬ğŸ‡®,Gibraltar
ğŸ‡¬ğŸ‡±,Greenland
ğŸ‡¬ğŸ‡²,Gambia
ğŸ‡¬ğŸ‡³,Guinea
ğŸ‡¬ğŸ‡µ,Guadeloupe
ğŸ‡¬ğŸ‡¶,Equatorial Guinea
ğŸ‡¬ğŸ‡·,Greece
ğŸ‡¬ğŸ‡¸,South Georgia & South Sandwich Islands
ğŸ‡¬ğŸ‡¹,Guatemala
ğŸ‡¬ğŸ‡º,Guam
ğŸ‡¬ğŸ‡¼,Guinea-Bissau
ğŸ‡¬ğŸ‡¾,Guyana
ğŸ‡­ğŸ‡°,Hong Kong SAR China
ğŸ‡­ğŸ‡²,Heard & McDonald Islands
ğŸ‡­ğŸ‡³,Honduras
ğŸ‡­ğŸ‡·,Croatia
ğŸ‡­ğŸ‡¹,Haiti
ğŸ‡­ğŸ‡º,Hungary
ğŸ‡®ğŸ‡¨,Canary Islands
ğŸ‡®ğŸ‡©,Indonesia
ğŸ‡®ğŸ‡ª,Ireland
ğŸ‡®ğŸ‡±,Israel
ğŸ‡®ğŸ‡²,Isle of Man
ğŸ‡®ğŸ‡³,India
ğŸ‡®ğŸ‡´,British Indian Ocean Territory
ğŸ‡®ğŸ‡¶,Iraq
ğŸ‡®ğŸ‡·,Iran
ğŸ‡®ğŸ‡¸,Iceland
ğŸ‡®ğŸ‡¹,Italy
ğŸ‡¯ğŸ‡ª,Jersey
ğŸ‡¯ğŸ‡²,Jamaica
ğŸ‡¯ğŸ‡´,Jordan
ğŸ‡¯ğŸ‡µ,Japan
ğŸ‡°ğŸ‡ª,Kenya
ğŸ‡°ğŸ‡¬,Kyrgyzstan
ğŸ‡°ğŸ‡­,Cambodia
ğŸ‡°ğŸ‡®,Kiribati
ğŸ‡°ğŸ‡²,Comoros
ğŸ‡°ğŸ‡³,St. Kitts & Nevis
ğŸ‡°ğŸ‡µ,North Korea
ğŸ‡°ğŸ‡·,South Korea
ğŸ‡°ğŸ‡¼,Kuwait
ğŸ‡°ğŸ‡¾,Cayman Islands
ğŸ‡°ğŸ‡¿,Kazakhstan
ğŸ‡±ğŸ‡¦,Laos
ğŸ‡±ğŸ‡§,Lebanon
ğŸ‡±ğŸ‡¨,St. Lucia
ğŸ‡±ğŸ‡®,Liechtenstein
ğŸ‡±ğŸ‡°,Sri Lanka
ğŸ‡±ğŸ‡·,Liberia
ğŸ‡±ğŸ‡¸,Lesotho
ğŸ‡±ğŸ‡¹,Lithuania
ğŸ‡±ğŸ‡º,Luxembourg
ğŸ‡±ğŸ‡»,Latvia
ğŸ‡±ğŸ‡¾,Libya
ğŸ‡²ğŸ‡¦,Morocco
ğŸ‡²ğŸ‡¨,Monaco
ğŸ‡²ğŸ‡©,Moldova
ğŸ‡²ğŸ‡ª,Montenegro
ğŸ‡²ğŸ‡«,St. Martin
ğŸ‡²ğŸ‡¬,Madagascar
ğŸ‡²ğŸ‡­,Marshall Islands
ğŸ‡²ğŸ‡°,Macedonia
ğŸ‡²ğŸ‡±,Mali
ğŸ‡²ğŸ‡²,Myanmar (Burma)
ğŸ‡²ğŸ‡³,Mongolia
ğŸ‡²ğŸ‡´,Macau SAR China
ğŸ‡²ğŸ‡µ,Northern Mariana Islands
ğŸ‡²ğŸ‡¶,Martinique
ğŸ‡²ğŸ‡·,Mauritania
ğŸ‡²ğŸ‡¸,Montserrat
ğŸ‡²ğŸ‡¹,Malta
ğŸ‡²ğŸ‡º,Mauritius
ğŸ‡²ğŸ‡»,Maldives
ğŸ‡²ğŸ‡¼,Malawi
ğŸ‡²ğŸ‡½,Mexico
ğŸ‡²ğŸ‡¾,Malaysia
ğŸ‡²ğŸ‡¿,Mozambique
ğŸ‡³ğŸ‡¦,Namibia
ğŸ‡³ğŸ‡¨,New Caledonia
ğŸ‡³ğŸ‡ª,Niger
ğŸ‡³ğŸ‡«,Norfolk Island
ğŸ‡³ğŸ‡¬,Nigeria
ğŸ‡³ğŸ‡®,Nicaragua
ğŸ‡³ğŸ‡±,Netherlands
ğŸ‡³ğŸ‡´,Norway
ğŸ‡³ğŸ‡µ,Nepal
ğŸ‡³ğŸ‡·,Nauru
ğŸ‡³ğŸ‡º,Niue
ğŸ‡³ğŸ‡¿,New Zealand
ğŸ‡´ğŸ‡²,Oman
ğŸ‡µğŸ‡¦,Panama
ğŸ‡µğŸ‡ª,Peru
ğŸ‡µğŸ‡«,French Polynesia
ğŸ‡µğŸ‡¬,Papua New Guinea
ğŸ‡µğŸ‡­,Philippines
ğŸ‡µğŸ‡°,Pakistan
ğŸ‡µğŸ‡±,Poland
ğŸ‡µğŸ‡²,St. Pierre & Miquelon
ğŸ‡µğŸ‡³,Pitcairn Islands
ğŸ‡µğŸ‡·,Puerto Rico
ğŸ‡µğŸ‡¸,Palestinian Territories
ğŸ‡µğŸ‡¹,Portugal
ğŸ‡µğŸ‡¼,Palau
ğŸ‡µğŸ‡¾,Paraguay
ğŸ‡¶ğŸ‡¦,Qatar
ğŸ‡·ğŸ‡ª,RÃ©union
ğŸ‡·ğŸ‡´,Romania
ğŸ‡·ğŸ‡¸,Serbia
ğŸ‡·ğŸ‡º,Russia
ğŸ‡·ğŸ‡¼,Rwanda
ğŸ‡¸ğŸ‡¦,Saudi Arabia
ğŸ‡¸ğŸ‡§,Solomon Islands
ğŸ‡¸ğŸ‡¨,Seychelles
ğŸ‡¸ğŸ‡©,Sudan
ğŸ‡¸ğŸ‡ª,Sweden
ğŸ‡¸ğŸ‡¬,Singapore
ğŸ‡¸ğŸ‡­,St. Helena
ğŸ‡¸ğŸ‡®,Slovenia
ğŸ‡¸ğŸ‡¯,Svalbard & Jan Mayen
ğŸ‡¸ğŸ‡°,Slovakia
ğŸ‡¸ğŸ‡±,Sierra Leone
ğŸ‡¸ğŸ‡²,San Marino
ğŸ‡¸ğŸ‡³,Senegal
ğŸ‡¸ğŸ‡´,Somalia
ğŸ‡¸ğŸ‡·,Suriname
ğŸ‡¸ğŸ‡¸,South Sudan
ğŸ‡¸ğŸ‡¹,SÃ£o TomÃ© & PrÃ­ncipe
ğŸ‡¸ğŸ‡»,El Salvador
ğŸ‡¸ğŸ‡½,Sint Maarten
ğŸ‡¸ğŸ‡¾,Syria
ğŸ‡¸ğŸ‡¿,Swaziland
ğŸ‡¹ğŸ‡¦,Tristan da Cunha
ğŸ‡¹ğŸ‡¨,Turks & Caicos Islands
ğŸ‡¹ğŸ‡©,Chad
ğŸ‡¹ğŸ‡«,French Southern Territories
ğŸ‡¹ğŸ‡¬,Togo
ğŸ‡¹ğŸ‡­,Thailand
ğŸ‡¹ğŸ‡¯,Tajikistan
ğŸ‡¹ğŸ‡°,Tokelau
ğŸ‡¹ğŸ‡±,Timor-Leste
ğŸ‡¹ğŸ‡²,Turkmenistan
ğŸ‡¹ğŸ‡³,Tunisia
ğŸ‡¹ğŸ‡´,Tonga
ğŸ‡¹ğŸ‡·,Turkey
ğŸ‡¹ğŸ‡¹,Trinidad & Tobago
ğŸ‡¹ğŸ‡»,Tuvalu
ğŸ‡¹ğŸ‡¼,Taiwan
ğŸ‡¹ğŸ‡¿,Tanzania
ğŸ‡ºğŸ‡¦,Ukraine
ğŸ‡ºğŸ‡¬,Uganda
ğŸ‡ºğŸ‡²,U.S. Outlying Islands
ğŸ‡ºğŸ‡³,United Nations
ğŸ‡ºğŸ‡¸,United States
ğŸ‡ºğŸ‡¾,Uruguay
ğŸ‡ºğŸ‡¿,Uzbekistan
ğŸ‡»ğŸ‡¦,Vatican City
ğŸ‡»ğŸ‡¨,St. Vincent & Grenadines
ğŸ‡»ğŸ‡ª,Venezuela
ğŸ‡»ğŸ‡¬,British Virgin Islands
ğŸ‡»ğŸ‡®,U.S. Virgin Islands
ğŸ‡»ğŸ‡³,Vietnam
ğŸ‡»ğŸ‡º,Vanuatu
ğŸ‡¼ğŸ‡«,Wallis & Futuna
ğŸ‡¼ğŸ‡¸,Samoa
ğŸ‡½ğŸ‡°,Kosovo
ğŸ‡¾ğŸ‡ª,Yemen
ğŸ‡¾ğŸ‡¹,Mayotte
ğŸ‡¿ğŸ‡¦,South Africa
ğŸ‡¿ğŸ‡²,Zambia
ğŸ‡¿ğŸ‡¼,Zimbabwe
ğŸ´ó §ó ¢ó ¥ó ®ó §ó ¿,England
ğŸ´ó §ó ¢ó ³ó £ó ´ó ¿,Scotland
ğŸ´ó §ó ¢ó ·ó ¬ó ³ó ¿,Wales
