text_clean,clave
Ya estoy en casa. <f0><9f><91><8d><f0><9f><8f><bd> ,5
"Y despu<c3><a9>s de un saladito un dulcesito. <f0><9f><98><80><f0><9f><8d><a1><f0><9f><8d><ab> 
 amigos <f0><9f><a4><97> ",0
"Cuando tus piernas y tu cabeza no puedan m<c3><a1>s, tu coraz<c3><b3>n har<c3><a1> el resto.<e2><9a><bd><ef><b8><8f>",11
"Ojal<c3><a1> que todo esto sirva para que cosas como la sucedida con la que iba a ser la nueva DT de Santiago Morning, no vuelvan a suceder.

Hay mujeres que saben m<c3><a1>s de f<c3><ba>tbol, que muchos aqu<c3><ad>... <e2><98><9d><e2><9a><bd>",11
 Claro eso intentamos no permitirles a tus padres que se sigan  limpiando el c#$<c2><a3> con buestos derechos <f0><9f><98><a0>,2
A Cuba con  me vueeelvo loco <e2><9c><96><f0><9f><8c><8e><f0><9f><9a><8c><f0><9f><99><8c>,13
Pav<c3><b3>n que grande sos <f0><9f><91><8f><f0><9f><92><99><f0><9f><92><9b>,7
"Ahora entiendo lo que sienten los chicos del BSC cuando su equipo anda en la <f0><9f><a4><ac><f0><9f><a4><ac><f0><9f><a4><ac>.
<f0><9f><98><9e>: me siento perdido",1
" No le des importancia a esa gente, insultar detr<c3><a1>s de un perfil es lo m<c3><a1>s f<c3><a1>cil . Saber respetar a la gente y si no te gusta poder dar una opini<c3><b3>n sin insultar dice mucho de la educaci<c3><b3>n de una persona. <f0><9f><91><8d>",5
 Yo tambi<c3><a9>n entro en la misma bolsa?<f0><9f><98><9e>,1
"<e2><9a><bd><f0><9f><8e><99><ef><b8><8f> Jose Maria Bernal DT de  tras el 1-1 vs Estudiantes de Resistencia: ""Yo me hago responsable del empate. As<c3><ad> que vamos a hacer un doble esfuerzo para ascender de visitante.""
   

 ",11
Oigan. Chequen mi story de Instagram. Le eche chingos de ganas al meal prep de esta semana. <f0><9f><91><8c><f0><9f><8f><bb> ,15
quiero ir ba<c3><b1>arme pero kayla se quedo jataso al costado mio y no quiero despertarla <f0><9f><98><9e>,1
 <f0><9f><91><8d> gracias,5
Ta bien ni quer<c3><ad>a que me hablen <f0><9f><98><82><f0><9f><98><82><f0><9f><98><82><f0><9f><91><8d>,5
 Sus pizzas son deliciosas.... Pregunta...por qu<c3><a9> la sucursal Div. Norte tarda tanto en entregar?? Acabo de llamar y me dan un tiempo de espera de 60 a 90 min!!! <f0><9f><98><9e><f0><9f><98><a8>,1
 Est<c3><a1>n muy bien eh!! <f0><9f><91><8c>,15
" ""Am<c3><a9>rica Latina se llama"". <f0><9f><91><8f>",7
De ayer viendo a  con  <e2><9a><bd><ef><b8><8f> ,11
 Cosas de viejillos hetero cisg<c3><a9>nero carrocentristas blancos no progres que hablan desde su privilegio <f0><9f><98><82><f0><9f><99><8c>,13
 Pasaba por aqui para saludar a Ardnis. Hace rato no la escucho. Saludos guardiana de D1 <f0><9f><91><8c><f0><9f><91><8b><f0><9f><91><8b>,15
"<f0><9f><8e><b6><f0><9f><8e><a4><f0><9f><92><80>URBAN LINE<e2><9a><a1><f0><9f><94><a5><f0><9f><8e><b8>

<f0><9f><8f><a0> Mitre 772 (Planta Alta) <e2><80><93> Rosario.
<f0><9f><95><99> De Lunes a S<c3><a1>bados de 10 a 21 Hs.
<e2><98><8e><e2><80><a6> ",8
Yo con mi sart<c3><a9>n nuevo <f0><9f><91><8c><f0><9f><8f><bc> ,15
Hugo Javier <f0><9f><91><8f><f0><9f><8f><bb> sorpresas de la vida,7
" Correcto, no me acord<c3><a9> pero as<c3><ad> es <f0><9f><91><8d>",5
"Ay mi dios , mi coraz<c3><b3>n no soporta a estos Pumas <f0><9f><98><ad><e2><9a><bd><ef><b8><8f><f0><9f><98><8d>",11
Nacho cheese and jalape<c3><b1>os on a chicken pita <f0><9f><99><8c><f0><9f><8f><be>,13
Actividad recreativa de ACOPER. Mil gracias a todos los que asistieron <f0><9f><91><8d> ,5
"<f0><9f><94><a5> LIVE <e2><9a><bd><ef><b8><8f>            

<f0><9f><87><a7><f0><9f><87><b7> Santos Laguna - Pumas UNAM

<e2><9e><a1><ef><b8><8f> Santos Laguna DNB @ 2.00 

",11
"""Sos tan boluda que nose como te aguanta"" graciaass mami tambi<c3><a9>n te quiero <f0><9f><91><8d>",5
Ojal<c3><a1> llueva toda la nochee<f0><9f><99><8c><f0><9f><98><8d>,13
Una picadita <f0><9f><91><8f><f0><9f><8f><bb>,7
Vamos mis  <f0><9f><92><99><f0><9f><92><9b><e2><9a><bd><f0><9f><90><af><f0><9f><92><9b><f0><9f><92><99> Venga  dale!!!,11
 Nop yo uno m<c3><a1>s que t<c3><ba> siempre <f0><9f><98><9a><f0><9f><98><8b>,3
Autogol de Nancy Guadalupe minuto 73<e2><80><99> <e2><9a><bd><ef><b8><8f> 2-1,11
Ma<c3><b1>ana vienen a verme los chicosss!Me retaron mucho<f0><9f><98><a0>,2
" Si exacto,hoy pura radiaci<c3><b3>n.<f0><9f><98><81><f0><9f><98><82><f0><9f><98><82><f0><9f><98><82><f0><9f><91><8d><f0><9f><8f><bb>",5
Brillo m<c3><ad>o.<f0><9f><99><8c><f0><9f><8f><be><f0><9f><8d><83> ,13
Fueron un p<c3><ba>blico excepcional <f0><9f><99><8c><f0><9f><8f><bd>Gracias Pastorales Juveniles de distintas provincias del Cibao<e2><80><a6> ,13
"<f0><9f><8f><86> MLS - Estados Unidos
<f0><9f><93><86> Fecha 7
<e2><9a><bd> Seattle Sounders 3-1 Minnesota United 
<e2><9e><a1> Alexi G<c3><b3>mez no sali<c3><b3> en lista.
<e2><9e><a1> Minnesota United se qued<c3><b3> con 6 puntos y es noveno en la Conferencia Oeste.
<e2><9e><a1> La pr<c3><b3>xima fecha recibir<c3><a1>n a Houston Dynamo.

<f0><9f><93><b8> Prensa Minnesota United ",11
"  Somos m<c3><a1>s los que queremos un mejor M<c3><a9>xico, y por ello, mejor  <f0><9f><91><8f><f0><9f><8f><bb>",7
Otro gol con la de Central <f0><9f><96><a4><e2><99><a5><ef><b8><8f><e2><9a><bd>,11
la iniciativa empresarial es considerada por muchos autores como    <f0><9f><98><80>,0
 No me invitaron <f0><9f><91><8e><f0><9f><8f><bd>,6
   respeto <f0><9f><94><a5><f0><9f><99><8c> ,13
"Buenas noches! Ahora si me voy a dormir! Tengo sue<c3><b1>o, y ma<c3><b1>ana empieza una nueva semana, les deseo a todos que pasen bien la semana! Y nadaaaa, yo me voy a dormir <f0><9f><91><bd><f0><9f><91><8c><f0><9f><8f><bb>PD: Mi skin, est<c3><a1> siendo un <c3><a9>xito en... <f0><9f><8c><9a><f0><9f><8c><9a><f0><9f><8c><9a>",15
Se le abre de nuevo el arco a castelli<f0><9f><91><8f>,7
huuuuy avad <f0><9f><98><9e>,1
Mejor tweet del d<c3><ad>a<f0><9f><98><82><f0><9f><99><8c> ,13
" Mmm no siempre es as<c3><ad>... Es complejo eso de elegir el color del esmalte.
Porque hay veces q amas el color, pero te queda p<c3><a9>simo <f0><9f><98><80><f0><9f><98><84>",0
"Por fin pude ver  y se me hizo una historia entretenida, con buen ritmo y mensaje. No recuerdo la <c3><ba>ltima vez que una pel<c3><ad>cula me hizo sentir inc<c3><b3>modo y demasiado contenido a la vez, es dif<c3><ad>cil. Literal no sab<c3><ad>a que Jennifer Garner sale (me encanta verla en pantalla). <f0><9f><91><8f> ",7
" Me gustan las colecciones de Josman... Un buen autor, que le pon<c3><ad>a ese morbo al incesto <f0><9f><98><8f><f0><9f><91><8c>",15
Una vez mas apoyando al <c3><ad>dolo!!! <f0><9f><92><9b><e2><9a><bd><f0><9f><87><a7><f0><9f><87><aa> en Estadio Monumental Isidro Romero Carbo ,11
Volvemos a lo mismo <f0><9f><91><8e>,6
Mi primer domingo que no estoy bajon <f0><9f><91><8f><f0><9f><98><82>,7
"Lo mejor que te puede suceder en la vida,es encontrar <f0><9f><91><a3><f0><9f><92><98> a alguien que est<c3><a9> contigo cuando m<c3><a1>s lo necesites <f0><9f><98><8c><f0><9f><99><8c>, alguien que entienda lo que te pasa con s<c3><b3>lo una mirada, <f0><9f><91><80> alguien que sin hacer preguntas s<c3><b3>lo se... ",13
 yo no tengo net <f0><9f><98><9e><f0><9f><92><94>,1
 Si es very turbio toy a esto <f0><9f><91><8c><f0><9f><8f><bb> de consultarlo con una bruja ah,15
"Hoy en el  , por qu<c3><a9> es el m<c3><a1>s preparado, el m<c3><a1>s inteligente y el m<c3><a1>s id<c3><b3>neo para ser Presidente de M<c3><a9>xico; que no nos digan que no se puede, de que se puede.., <c2><a1>SE PUEDE! <f0><9f><99><8c><f0><9f><8f><bb><f0><9f><94><b9><f0><9f><94><b6><f0><9f><94><b8>",13
Jajajaja no hab<c3><ad>a visto que me equivoqu<c3><a9> al escribir enamorado <f0><9f><98><82> hasta en eso me equivoco ptm no la traigo ahorita <f0><9f><98><9e>,1
 Felicidades para el viejo mi pana! Bendiciones <f0><9f><99><8f><f0><9f><8f><bb><f0><9f><99><8c><f0><9f><8f><bb>,13
No debe existir cosa mejor que las reuniones familiares<f0><9f><99><8c><f0><9f><8f><bb>,13
 que opinas de la comida peruana? Te gust<c3><b3>? Te amo mucho ojal<c3><a1> vuelvas pronto  <f0><9f><87><b5><f0><9f><87><aa><f0><9f><99><8c><f0><9f><8f><bc> ,13
" Ay, much<c3><ad>simas gracias cosita guapa <e2><9d><a4><f0><9f><98><98> Voy a pensarme eso de morirme <f0><9f><98><8b>",3
 Obvio ah<c3><ad> estaremos<f0><9f><91><8c><f0><9f><92><83><f0><9f><8f><bb>,15
"         Muy interesante, las falsas noticias es lo de hoy por la velocidad que se pueden viralizar. El purgatorio de las redes sociales es cada vez m<c3><a1>s inquisidor y no perdona. Siempre ser<c3><a1> m<c3><a1>s f<c3><a1>cil ser pensante que viceral <f0><9f><91><8d>",5
"Esta semana nos ponemos de manteles largos <f0><9f><8e><89> 

El Club SFP felicita a dos de nuestros DT por su cumplea<c3><b1>os <f0><9f><91><8f><f0><9f><8f><bc> 

<f0><9f><8e><82>Melissa N<c3><ba><c3><b1>ez - Sub 23 (22 de abril) 
<f0><9f><8e><82>Julio Caballero - Sub 15 (21 de abril)

 ",7
 Jajajjajaajja. Reitero<f0><9f><91><8d> ,5
"Que bronca que me manden un whatsapp  no llegue a leerlo y encima lo eliminan. Me dejan con la re intriga porque nose si se confundieron, o me re bardiaron y no puedo contestarrrr la concha tuya<f0><9f><98><a0><f0><9f><96><95>",2
Desafio para Setembro: treinos de Krav Mag<c3><a1> <f0><9f><91><8c>,15
"David: <c2><a1><c2><a1>Jeon!! <c2><a1><c2><a1>Ah<c3><ad> va Jimin!!

Jeon: Quee??!!!<f0><9f><98><a8><f0><9f><98><a8>

David: <c2><a1><c2><a1>En ese auto va Jimin!!!

Jeon corri<c3><b3> tras el auto mientras David apunta la patente y llama a la policia.

  

Jeon: <c2><a1><c2><a1>Jimin!!!

Jun: Mierd* Ah<c3><ad> viene tu chupa sangre<f0><9f><98><a0>",2
La verdad que lo que pienso me doy cuenta que es verdad me hubiese gustado que sea sincero desde el principio <f0><9f><91><8e>,6
Que bien me vino a despertar con comida <f0><9f><98><8b><e2><99><a5><ef><b8><8f>,3
<e2><80><9c>C<c3><b3>mo podes llamar a eso amor si lloras m<c3><a1>s de lo que sonre<c3><ad>s?<e2><80><9d> GRAN frase <f0><9f><91><8f><f0><9f><8f><bc>,7
Me dorm<c3><ad> todo <c3><a9>l domingooo <f0><9f><91><8f>,7
   Yaaaaa quiero ver a Lucero!!  <f0><9f><91><8f><f0><9f><8f><bb>,7
Hoy me toca hacer pizzas <f0><9f><98><8b>,3
El humor mexicano en tiempos . <f0><9f><98><80> ,0
"  Pues deber<c3><ad>as de irle a las Poderosas <c3><81>GUILAS DEL AMERICA, el equipo m<c3><a1>s grande de M<c3><a9>xico aunque les duela a muchos <f0><9f><91><8d>",5
  <e2><80><9c>Honestidad<e2><80><9d> con la que se se conduce la futura Gobernadora de Puebla   <f0><9f><91><8d><f0><9f><8f><bb>,5
Hoy a partir de las 19:00 PM segunda funci<c3><b3>n de la obra  protagonizada por  y 18 actores m<c3><a1>s en el nuevo Teatro Liban<c3><a9>s <f0><9f><91><8f><f0><9f><8e><ad> ,7
4 de mayo llega ya <f0><9f><98><8b><e2><99><a5><ef><b8><8f>,3
Volvi<c3><b3>o<f0><9f><91><8f><f0><9f><8f><bb>,7
"XXIX Cata del vino 
C<c3><b3>rdoba y los m<c3><ad>os <f0><9f><91><8c><f0><9f><98><89> en XXIX Cata del Vino<e2><80><a6> ",15
 Demorooooooooo <f0><9f><91><8d>,5
Ay diiios<f0><9f><98><90><f0><9f><91><8c>,15
 Esa tanguita es super poderosa <f0><9f><91><8d>,5
 Que te la hayas disfrutado Ligita al <f0><9f><92><af><f0><9f><91><8d><f0><9f><8f><bb>,5
 Exactamente <f0><9f><91><8c><f0><9f><8f><bc>,15
 Felicidades!!! Una vez mas<f0><9f><92><aa><f0><9f><8f><bb><f0><9f><91><8f><f0><9f><8f><bb>,7
 Rafa es incre<c3><ad>ble! <f0><9f><99><8c> Este a<c3><b1>o no lo ver<c3><a9> despu<c3><a9>s de 5 a<c3><b1>os seguidos! <f0><9f><98><ad> Fuerza siempre campe<c3><b3>n!!<f0><9f><92><aa><e2><99><a5>,13
 Gracias ... tengo los ojos llorosos de nacimiento <f0><9f><98><9e>,1
 Provechito <f0><9f><98><8b>,3
  Jeje <f0><9f><91><8c><f0><9f><8f><bc>,15
Sin esto no puedo vivir <f0><9f><98><8a><f0><9f><91><8c><f0><9f><8f><bc> ,15
Las FLORES ALEGRAN EL ALMA!!! Ya hiciste tu Pedido? ELEGANZA FLORAL DECO.. Los Artistas de las Flores <e2><98><8e><ef><b8><8f>(956) 578-3223<f0><9f><92><90> ,8
"<c2><bf>Qui<c3><a9>n nos ayudar<c3><a1> a la Votaci<c3><b3>n Masiva de hoy? <f0><9f><99><8c><f0><9f><8f><bb><f0><9f><92><97> 

 
",13
De llama Lautaro que esperabas<f0><9f><91><8f><f0><9f><8f><bb> ,7
No puedo creer que  ande amanecida y todav<c3><ad>a me aguante el cuerpoooo<f0><9f><98><8f><f0><9f><98><8b>,3
"Desde ma<c3><b1>ana empezamos a Vivir el Cl<c3><a1>sico Tachira - Caracas  en , tendremos 4 invitados de lujo; el eterno Capit<c3><a1>n , el experimentado DT , el colega  y el Ex jugador  <e2><9a><bd><ef><b8><8f><f0><9f><94><9d>
 ",11
 Guapo Tqm<f0><9f><92><93>x siempre Abrahamer<f0><9f><91><8c>,15
           <c3><89>xito! <f0><9f><91><8d><f0><9f><8f><bb>,5
 Jajaj nadie te  manda a dales tu n<c3><ba>mero de tel<c3><a9>fono tenias que usar otro n<c3><ba>mero <f0><9f><a4><a6><f0><9f><8f><bd><e2><80><8d><e2><99><80><ef><b8><8f><f0><9f><91><8d><f0><9f><8f><bc>,5
Ni una gota de alcohol en mi cuerpo <f0><9f><98><80>,0
" Por la unica persona que me da cosa es por vos,  pero tenia que twittearlo <f0><9f><99><8c> te quiero igual",13
Que buen finde semana <f0><9f><91><8f><f0><9f><8f><bc>,7
Te digo que fue con amor la foto  <f0><9f><98><8b>,3
"[INFO]

 en la cuenta de Jeff Benjamin 
-Wow  est<c3><a1>n REALMENTE hablando de sus chicos <c3><ba>ltimamente... GOT7 agreg<c3><b3> 641,000 NUEVAS menciones en Twitter a lo largo de estos d<c3><ad>as <f0><9f><91><8d>

Link: 

  ",5
Fer Dente fue a ver Sugar <f0><9f><99><8c> ,13
" <f0><9f><8f><86>
<e2><9a><bd><ef><b8><8f> GOOL de M<c3><b3>nica Hickmann 
 0-3 
Puedes VER el partido en el enlace <e2><9e><a1><ef><b8><8f>  ",11
"Qu<c3><a9> triste tarde, pero sin calor <f0><9f><98><8b> ",3
En mi otra vida quiero ser Marley. Si o si. <f0><9f><91><8c>,15
Yo y mi puta ineptitud con el celular. <f0><9f><98><a0><f0><9f><98><a1>,2
"Ya no la remo m<c3><a1>s loco, pierdo tiempo y me ilusiono al pedo, sigamo con los mates. <e2><98><9d><f0><9f><91><8c>",15
"<c2><a1>Somos sponsor oficial de la selecci<c3><b3>n! Vivimos esta pasi<c3><b3>n junto a vos <f0><9f><8e><89><e2><99><a5><ef><b8><8f><e2><9a><bd><ef><b8><8f>
 ",11
Que crack este Pav<c3><b3>n. No tiene desperdicio!! <f0><9f><98><84><f0><9f><91><8f>,7
Jajaja <f0><9f><91><8f><f0><9f><98><82> ,7
  grande     31titulos en la barcelona <f0><9f><8f><86><f0><9f><8f><86><f0><9f><a5><87><e2><9a><bd><ef><b8><8f>,11
Mamita ese Vergani amigo <f0><9f><98><a0>,2
 Por fin habr<c3><a1> un cierre emocionante en Serie A.<f0><9f><99><8c><f0><9f><8f><bb>,13
Merecemos la extinci<c3><b3>n <f0><9f><98><a0>,2
"Vereis, a mi me resulta raro pensar que le amo porque yo, con mis 15 a<c3><b1>itos veia Ventdelpl<c3><a0> donde sal<c3><ad>a este guapo con tan solo 10 A<c3><91>ITOS. Me siento vieja. <f0><9f><98><9e> ",1
"""Es evidente que el paso del tiempo es irreversible..."". <e2><9a><bd><f0><9f><98><ad><f0><9f><92><94> ",11
"GOLAZO! <f0><9f><a4><a9><e2><9a><bd>
Marcelo D<c3><ad>az puso el primero de Pumas en Torre<c3><b3>n! VIDEO:  ",11
"Bueno, mejor si. Pero que saltemos al d<c3><ad>a 3 <f0><9f><92><83><f0><9f><8f><bd> triunfaba <f0><9f><91><8c><f0><9f><8f><bd> ",15
Que buena pelicula <f0><9f><91><8f><f0><9f><8f><bb> ,7
"Que bronca aferrarme tanto a las personas,me ayud<c3><b3> en momentos re dif<c3><ad>ciles,ahora ni me registra por que esta ENAMORADO de una piba y dejo a su amiga de lado<f0><9f><98><a3><f0><9f><98><a0>",2
"<f0><9f><87><a8><f0><9f><87><b4><e2><9a><bd><ef><b8><8f>Gana en Estadio Daniel Villa Zapata de Barrancabermeja Fecha 17  2018-1

<f0><9f><96><a4><f0><9f><92><9b><f0><9f><9b><a2><ef><b8><8f>Alianza Petrolera <f0><9f><86><9a><f0><9f><87><b5><f0><9f><87><b1><f0><9f><a6><81><f0><9f><a6><85>Rionegro <c3><81>guilas 

      ",11
" ALEJO NECESITO QUE ME HACKEES!!!! AHRE <f0><9f><98><9e><e2><9d><a4><ef><b8><8f>
 
 
 
 
 
",1
 No sabes lo mucho que la quiero <f0><9f><98><8d><f0><9f><99><8c><f0><9f><8f><bb><f0><9f><99><8f><f0><9f><8f><bb> mi segunda madre,13
"    hasta Messi lo dice: t<c3><ba>, t<c3><ba>, t<c3><ba> eres grande <f0><9f><91><8d><f0><9f><8f><bd> ",5
Ay Dio M<c3><ad>o yo y mi crush con Alejandro Arribas  <f0><9f><99><8a><f0><9f><98><8d><f0><9f><98><8b>,3
Te identifico con esta<f0><9f><8c><ba><f0><9f><91><8c><f0><9f><8f><bb>,15
  Que mal <f0><9f><98><a0>,2
Muy bien Ram<c3><b3>n!  <f0><9f><91><8f>,7
"Aprend<c3><ad> a ignorar a gente que solo busca el conflicto , es la mejor arma que se puede usar en su contra <f0><9f><91><8c>",15
Qu<c3><a9> buen pedo de Fox Sport pasando los juegos de la liga de f<c3><ba>tbol americano nacional <f0><9f><91><8f>,7
Por tus llagas fuimos nosotros curados <f0><9f><99><8f><f0><9f><99><8c>,13
"[22/4 20:31] Rosa<e2><99><a1>: Queres hablar conmigo?
[22/4 20:32] Rosa<e2><99><a1>: Yo bien,como puedo
[22/4 20:32] Rosa<e2><99><a1>: Pero ahora importas vos reina

Me hacia tanta falta estoo<f0><9f><98><9e><f0><9f><92><9b>",1
No voy a dejar que me arrines el fin de semana <f0><9f><91><8d>.,5
 S<c3><ba>per fuerte jaja<e2><9c><8d><f0><9f><8f><bc><f0><9f><91><8d><f0><9f><8f><bc><f0><9f><94><9d>,5
Que jugada te mandaste neneee <e2><9a><bd><ef><b8><8f>,11
 te luciste hoy!! Espectacular t<c3><ba> <c3><ba>ltimo gol!<f0><9f><91><8f> Felicidades son las mejores <f0><9f><92><aa>    ,7
Buen desgarre <f0><9f><91><8e>,6
"Una nena m<c3><a1>s que Dios decide llevarse, Valentina ahora est<c3><a1>s con tu bisabuelito Ramiro, mi pap<c3><a1> te tiene en sus brazos. Alg<c3><ba>n d<c3><ad>a los alcanzar<c3><a9> <f0><9f><99><8f><f0><9f><96><a4><f0><9f><98><9e> ",1
El golazo de Monta<c3><b1>o en la victoria 3-1 ante el Pereira. La celebraci<c3><b3>n del monako fue lo mejor <f0><9f><a4><a3><f0><9f><99><8c><f0><9f><8f><be><f0><9f><94><b4><f0><9f><94><b5>   ,13
 Podr<c3><ad>a ser mejor!!!! <f0><9f><98><8b>,3
Abrazo de gol .. <f0><9f><91><8f>,7
"Mi reino a quien venga a prepararme gin and tonic, margaritas de mango o tinto de verano <f0><9f><91><8f><f0><9f><8f><bc>",7
" Las Palmas consum<c3><b3> su descenso matem<c3><a1>tico a Segunda Divisi<c3><b3>n al perder ante Alav<c3><a9>s, que en contrapartida asegur<c3><b3> su permanencia. <e2><9a><bd><ef><b8><8f><f0><9f><8f><86><f0><9f><87><aa><f0><9f><87><b8>

 ",11
Dia de lluvia y chinchon con mam<c3><a1> <f0><9f><92><96><f0><9f><99><8c>,13
Gracias por el apoyo  <f0><9f><92><aa><f0><9f><99><8f><e2><9a><bd> ,11
Pav<c3><b3>n de Selecci<c3><b3>n<f0><9f><87><a6><f0><9f><87><b7><e2><9a><bd>,11
"  <e2><80><a2> Si tuviera un hijo chocolate, qu<c3><a9> nombre pondr<c3><ad>a?! <f0><9f><98><8b><f0><9f><8d><ab><f0><9f><a4><94> <e2><80><a2> ",3
Mi fin de semana estuvo genial<f0><9f><99><8c><f0><9f><8f><bc><f0><9f><94><a5>,13
He perdido el n<c3><ba>mero de tel<c3><a9>fono de mi novix <f0><9f><98><b1><f0><9f><98><b1> dale fav para saber si eres t<c3><ba> <f0><9f><98><8b>,3
Me acabo de hechar una y si <f0><9f><91><8c> ,15
Me rre gustar<c3><ad>a ir a verla jugar <e2><9a><bd>,11
QUE EMOCI<c3><93>N! <f0><9f><99><8c><f0><9f><8f><bc><f0><9f><98><8d> ,13
  Jajajaja jahata sin problemas los sabados <f0><9f><91><8c>,15
" Yo no estoy participando en el concurso, pero tambi<c3><a9>n escribo y adem<c3><a1>s, canto y toco el piano, as<c3><ad> que tengo que decirte que me encanta leer algo que se relacione con la m<c3><ba>sica, y m<c3><a1>s en un escrito tan bonito y bien explicado<f0><9f><91><8f><f0><9f><8f><bc> <c2><a1>Enhorabuena por pasar de ronda!",7
Nice day <f0><9f><a5><8a><f0><9f><92><aa><f0><9f><91><8a><f0><9f><91><8d> en La Casona del Cafetal ,5
 jajaja es broma tu puedes hablar como quieras corazon<f0><9f><98><8b>,3
"<c2><a1>S<c3><ad>, est<c3><a1> de vuelta!

El peque<c3><b1>o Chuy regres<c3><b3> de la mejor manera <f0><9f><99><8c><f0><9f><98><85>

Y con baile incluido..<f0><9f><91><87>

",13
"Hoy se que  ser<c3><a1>, Y POR MUCHO, quien demuestre mayor preparaci<c3><b3>n, temple, conocimiento y experiencia, quien presentar<c3><a1> las mejores propuestas en su visi<c3><b3>n de HACER DE  UNA POTENCIA. <f0><9f><87><b2><f0><9f><87><bd><f0><9f><93><88>
Vean el debate y comparen.
Estamos a muy poco <f0><9f><91><8c><f0><9f><8f><bc> ",15
" Rosa Le<c3><b3>n, una cantautora. Hasta en su forma de vestir <e2><98><ba><e2><98><ba><f0><9f><91><8d><f0><9f><8f><bd>",5
Fui una vez en Buenos Aires. Exquisita. Qu<c3><a9> bueno que llega a Santiago!<f0><9f><91><8f> ,7
<c2><a1>La hinchada del m<c3><a1>s veces campe<c3><b3>n!<f0><9f><98><8e><f0><9f><92><9b><e2><9d><a4><e2><9a><bd><ef><b8><8f> ,11
Escuchen Color Blind de  ft  <f0><9f><91><8c><f0><9f><8f><bc><f0><9f><98><8f>,15
   No todos los chilenos hablan mal <f0><9f><91><8c>,15
 Un saludo  <f0><9f><91><8c>,15
"<e2><9a><bd><ef><b8><8f>
Excelente jornada de grabaci<c3><b3>n en Guanajuato, <c2><a1>Le<c3><b3>n ya tiene campe<c3><b3>n de La Cascarita Mobil S<c3><ba>per 2018!
<e2><80><a2>
Un gustazo trabajar con el mejor crew de producci<c3><b3>n <f0><9f><91><8a><f0><9f><8f><bd>. Continuamos viviendo la verdadera pasi<c3><b3>n del f<c3><ba>tbol por TV4 todos los mi<c3><a9>rcoles a las 09:30PM. ",11
"Ya ni modo, EMPATANDO O GANANDO el otro FIN DE SEMANA seremos CAMPEONES <f0><9f><8f><86>ahora entre PERDER y ser CAMPEONES invictos, voy por la segunda <f0><9f><91><8c>

Vamoooos Bar<c3><a7>a <f0><9f><94><b5><f0><9f><94><b4>",15
 que opinas de la comida peruana? Te gust<c3><b3>? Te amo mucho  <f0><9f><87><b5><f0><9f><87><aa><f0><9f><99><8c><f0><9f><8f><bc> ,13
Ni como nos llamamos...<f0><9f><99><8c> ,13
"Por cierto, el 26 ha vuelto a hacer magia (7<c2><ba>) 6 d<c3><ad>as despu<c3><a9>s de ser operado. Otra vez. OTRA VEZ. Qu<c3><a9> huevos tienes,  <f0><9f><91><8f>",7
".   y  mirado el partido desde la puerta del t<c3><ba>nel .
Los extra<c3><b1>amos <f0><9f><98><9e> ",1
Con sepia todo ok<f0><9f><91><8c><f0><9f><8f><bc> ,15
Est<c3><a1>s vrecordando la objetividad y la cordura  GUAU !!!<f0><9f><91><8d><f0><9f><98><81><f0><9f><99><8f><f0><9f><98><87> ,5
Vamos a ganar <f0><9f><91><8d><f0><9f><8f><bb><f0><9f><92><aa><f0><9f><8f><bb> yo mera con   ,5
"<f0><9f><92><aa>
 en Per<c3><ba> <f0><9f><87><b5><f0><9f><87><aa> fue una verdadera fiesta<f0><9f><a4><a1><f0><9f><a4><b9><f0><9f><8e><aa>!!
<c3><89>xito total<f0><9f><99><8c>!!
Excelente trabajo de todos<f0><9f><92><9b>!!
Nominada a GIRA DEL A<c3><91>O por los !!
 sos el <e2><98><9d><ef><b8><8f>!! 
",13
"Tarde/noche nublada, <e2><98><81><ef><b8><8f>un buen un libro, <f0><9f><93><9a> m<c3><ba>sica <f0><9f><8e><a7> y caf<c3><a9> <e2><98><95><ef><b8><8f>... tarde perfecta!!! <f0><9f><91><8c><f0><9f><8f><bb>

<f0><9f><8e><b6> 

   ",15
"En esta casa el que no corre vuela,literal<f0><9f><91><8c><f0><9f><98><82>",15
 Las pizetas de la mabel <f0><9f><98><8b>,3
Picadita y birra<f0><9f><98><8b>,3
jajaja con lo que me gusta ser cagasona <f0><9f><98><8b>,3
Volvi<c3><b3> Sebas Perez a jugar en Boca!! Crack exverdolaga <f0><9f><91><8f><f0><9f><8f><bc><f0><9f><87><b3><f0><9f><87><ac>,7
"<c2><a1>Estamos listos para el debate!

Nuestro candidato a la Presidencia de la Rep<c3><ba>blica,  , tiene las mejores propuestas para construir un  que avance . <c2><a1>Vamos a apoyarlo! <f0><9f><91><8a><f0><9f><8f><bb><f0><9f><91><8d><f0><9f><8f><bb><f0><9f><92><aa><f0><9f><8f><bb><f0><9f><92><a5> 
      ",5
-0SANTOS <e2><9a><bd><ef><b8><8f> Golazzoo <f0><9f><91><8a><f0><9f><8f><bb>,11
Alto asistidor Pav<c3><b3>n <f0><9f><91><8f>,7
 QUE BELLA TENTACI<c3><93>N <f0><9f><98><8b>,3
Ya es ese momento del mes en que me da un s<c3><ba>per baj<c3><b3>n <f0><9f><98><9e><f0><9f><92><94>,1
" <e2><9a><bd><ef><b8><8f>
Final:  1 (Castelli) - Agropecuario 1 (Barinaga)",11
Creo que tengo un amor puro y sincero por el alcohol <f0><9f><98><8d><f0><9f><98><8d><f0><9f><98><8d><f0><9f><a4><ad><f0><9f><98><8b>,3
Crack el monito opazo <f0><9f><91><8f>,7
Pero mira cu<c3><a1>ntos horrocruxes ca<c3><ad>dos <f0><9f><91><8f> ,7
"Sigue haciendote el idiota, que te queda bien <f0><9f><91><8c><f0><9f><8f><bd>",15
 Por algo se empieza... algo es algo... Jajaja gracias por la motivaci<c3><b3>n y el apoyo <f0><9f><91><8d>,5
Ser Un Gran Futbolista Profesional Jugar En Los Equipos De Mi Sue<c3><b1>os Y  Los M<c3><a1>s Importante Sacar A Toda Mi Familia  Adelante Ser Una Gran Persona Y Un Buen Ejemplo Para Los Ni<c3><b1>os Y Conformar Una Hermosa Familia <f0><9f><98><8a><f0><9f><98><bb><e2><9a><bd>,11
"No pod<c3><ad>a faltar el baile sabroson! <f0><9f><98><85><f0><9f><99><8c><e2><9d><a4>  
  ",13
" Te propongo que El Lunes El ContraGolpe sea de abridoras"" en el estadio de los deportes!!!<e2><9a><bd><ef><b8><8f><f0><9f><8f><83><f0><9f><a5><85><f0><9f><8f><8b><ef><b8><8f><e2><80><8d><e2><99><80><ef><b8><8f><f0><9f><a4><b8><f0><9f><8f><bb><e2><80><8d><e2><99><80><ef><b8><8f><f0><9f><8f><88><e2><9b><b9><ef><b8><8f><e2><80><8d><e2><99><80><ef><b8><8f>",11
